/*
Navicat MySQL Data Transfer

Source Server         : mysql
Source Server Version : 50524
Source Host           : localhost:3306
Source Database       : test

Target Server Type    : MYSQL
Target Server Version : 50524
File Encoding         : 65001

Date: 2014-04-07 20:21:29
*/

SET FOREIGN_KEY_CHECKS=0;

-- ----------------------------
-- Table structure for act_ge_bytearray
-- ----------------------------
DROP TABLE IF EXISTS `act_ge_bytearray`;
CREATE TABLE `act_ge_bytearray` (
  `ID_` varchar(64) COLLATE utf8_bin NOT NULL DEFAULT '',
  `REV_` int(11) DEFAULT NULL,
  `NAME_` varchar(255) COLLATE utf8_bin DEFAULT NULL,
  `DEPLOYMENT_ID_` varchar(64) COLLATE utf8_bin DEFAULT NULL,
  `BYTES_` longblob,
  `GENERATED_` tinyint(4) DEFAULT NULL,
  PRIMARY KEY (`ID_`),
  KEY `ACT_FK_BYTEARR_DEPL` (`DEPLOYMENT_ID_`),
  CONSTRAINT `ACT_FK_BYTEARR_DEPL` FOREIGN KEY (`DEPLOYMENT_ID_`) REFERENCES `act_re_deployment` (`ID_`)
) ENGINE=InnoDB DEFAULT CHARSET=utf8 COLLATE=utf8_bin;

-- ----------------------------
-- Records of act_ge_bytearray
-- ----------------------------
INSERT INTO `act_ge_bytearray` VALUES ('2', '1', 'leave/leave.png', '1', 0x89504E470D0A1A0A0000000D49484452000002D700000245080200000099424C420000546049444154789CECDD09781455BAFF710697E17F9F992BCC85511CC77B1147E6DE7103F1AA771C515046D90491453641F67D4DD892B0CB220A6E239B020E02C3268812C008842D094958C2920412202108180462802CDD9DFEBF5D95344D02A103694E579FEFE7A9A79ED3D527953A556F9DFED1E9840A4E000000152AA83E000000A02952080000508314020000D420850000003548210000400D52080000508314020000D420850000003548210000400D52080000508314020000D420850000003548210000400D52080000508314020000D420850000003548210000400D52080000508314020000D420850000003548210000400D52080000508314020000D420850000003548210000400D52080000508314020000D420850000003548210000400D52080000508314020000D420850000003548210000400D52080000508314020000D420850000003548210000400D52080000508314020000D420850000003548210000400D52080000508314020000D420850000003548210000400D52080000508314020000D420850000003548210000400D52080000508314020000D420850000003548210000400D52080000508314020000D420850000003548210000400D52080000508314020000D420850000003548210000400D52080000508314020000D420850000003548210000400D52080000508314020000D420850000003548210000400D52080000508314020000D420850000003548210000400D52080000508314020000D420850000003548210000400D52080000508314020000D42085DC407474F4E8D1A36BD7AE7DDF7DF7DD71C71D15742563973320E741CE869C13D597057E847BC4C43D622DD4AD4979DD9242AE2B2929A9458B160F3FFCF0F0E1C377EE8C3A9E969E976FCBB7C962371677E39A0F4B6EB776FFBCFC7C3903721E860505C93969DEBC796262A2EA4B04C5B847B847AC88BAF5ABBA25855CDBEEDDBB2B55AA3479F2E4CB3939529FC60573AD6D36B358AFB1D8ECEE7680F797733265CA946AD5AAAD5BB74EF5858232DC23DC235644DDFA5BDD9242AE412E40850A152223238DAB956FA464D7252B6A1B6BBB2DFFEA2D9E8B0EFD376CDC2067496E69D5970B0A708F708F581175EB87754B0A292E2929E9F7BFFFFDC68DEBF36D79365B5EBE2D5716B351ECA1AB833DCFECE66E68D53F3272CBAF7FFD6BDE76D60DF708F7881551B7FE59B7A490E25AB4683179F224E3F2C8B5C97135ECB94517ACB05DB425C7DC5ED84DCBFE53A64C6EF67A53D5170DB715F708F7881551B7FE59B7A490ABC4C4C43CF4D04339B917E51AD864715D2159E7E417B5CDC566AEEDEE46AEB6FD2FE764D7ACF910BF11A00FEE11EE112BA26EFDB66E492157090909090E0EB6D92E1B57EBB22CF5FEDED8CBDF7732FBBBAE5FD1975F69D88D8D66077B8EE7FE03A07F50D090D1A347ABBE74B84DB847B847AC88BAF5DBBA25855CA576EDDA3B7644E6DB2E1957E5D28B2F37FCD1E93CEE701EB6390FE639F7E63963B3ED3356FEB021E3424CBE333AC71993E3DC76C9B931D7F9E1B684EE3D7A1A97F0B2FBCB3DDBE6C32B6D5BE15301D07FE7CEAD4F3EF984EA4BE75B919191FFF11FFFB165CB16D507A21EF748E0DD233A943775EBB7754B0AB94AF5EAD58F1F3F62B35F321749C1D94EE7C502E705BBF3E77CE725A773C8A8B00A157FF36CC3E61936677A9E333DD7792CC779C4EE5CB673AF74B6B9AEE245F36B5D0D9BB11FDB25B391EF7E58B4FFC0E89F969E72EFBDF7AABE743E24B3F3EF7EF7BB152B57CA4CBD79F366D587A318F74880DD239A943775EBB7755B0E2964CF9E3D63C68C69D2A4499D3A75EEBBEFBEBBEEBA4BD6D26EDCB8B16C97676FFD5BDC3677DC71475E7EB6CD75912ECA3590E2BBE470E6395C4FD90B5CEB6FBE5B7F7FCD47474F9C6E773A7FB13B2FD89C3FDB9CE79DCE8DBBF6B92AD56E5C66D7C5BE685CF2C2FD143EF46C146D0F80FEF9F9D9152B56547BE17CC79CA323227EC8B7D97FF861938F66EA9494941D3B76ECDAB52B2E2E2EDE101B1B1B1515959C9C5CACA73C15161656EE07E03DEE9140BA477C54DE7E58CFD4ADDFD6EDCDA7900B172E8C1831E2C1071FAC59B3E6D0A143D7AE5D1B15157D3C2D3D37CFF587D8A4BD7ACD1AD92ECFFEF18F7F949ED2BF1C8FDB478CCCFB8BCD2EC59A2D6B7978D1EE3C7BD999EF28EC70FEFCF90F3E9E35E1BD8FD34F9E9287B60267BE51C13BE2F6167EADF185853B29D97075B8B2FF80E92F635777D17CC8738E36171F0591E1C387CF9A356BF5D5E6CC99D3AF5F3FF7918C1C39B24B972EEFBDF79E34264D9AD4A851A3E0E0E0DBFF9947EE9180B9477C57DE7E58CFD4ADDFD6EDCD7C839C9C9C19336654AB56AD67CF9E7BF6EEBBCE5F87BDB2ECDD97D0AD7B77E9FFC1071FC8D796FB18CA919179E5EC67996B57A53A9C3F5D729ECE76DA9CCEFCBCBC3FD7AA55A1C21D152A547AF3AD4E9E5F181BBFFBCAD7165E4EF77E3C1A76CFED5901D3DF0F67D85B57728E76CFD4B2BD7C7F882E13F1D6AD5B65A65EBF7EFDC68D1B652DED6DDBB60D1B364C9ECDCCCC947F32EEDFBFBF75EBD6F27D131313A74C992213F7810307F6ECD973EEDCB9723C921BE21E098C7BC4A7E5ED87F54CDDFA6DDD96F91B646464D4AD5BB7499326922D6E983F8A6591C68D9B3CFDF4D3B2075F8CA45C18D596659C7DB90C59E6BB7692974FFEE23C93EB8C3D907AEFBDF7DE71E7DDFFEF9EAA6DDB5D55A9BBE2E2A5B3DD7521B3ECF62CCF9DD8ED850D599B1D3C9E0A90FEFE36C3DEBAEBCDD1E622DBCBF7D37C326BC7C4C4444545C92CBC6FDF3E59CBC3D8D858F9D7A1D3787F7BC9922563C68C917F628E2E22EDB163C72E5EBC382D2DADBC0EC31BDC2301708FF8BABCFDB09EA95BBFADDBB27D83F4F4F46AD5AABDF7DE7B65CA1F9ECBE4C953AA57AFEEB7BF3A6FBCF376C17531EC17CC0B70B9C0F9738E2B2FFF94EB8CD895F8D8134F55ADF6FB7B2A5799B57059AED3999DE7BC94E7FAC26D51BB0ABFD6F5E5856BE3925FD9625CF20B9EFB0F98FE7E35C3DEBAD2E7685F041199B5535353972E5D3A6AD4A8B0B0309994972F5F7EFCF87173D636B56BD76EA307F9F765FBF6EDCBE5BB9709F788D5EF91DB50DE7E58CFD4ADDFD66D19BE814407392029A69B8E20E6B262E54AD98F041ADF8DEAA619D576DEEEBA30E765312F8014EB059BF35CBEA466DB8E84634FD4A9FBD22BAF9DC9739ECE719EC9719ECD734AAD6E8B312AD56E5E60D7625C5D6357F6C2B5CD73A3B1FF80E9EF3F33ECADF3668E2EF72062CEDA83070FCECCCC741A1FBA1A3A7468C959FB5D0F93264DEAD8B1E3AD7FEBB2E21EB1F43D727BCADB0FEB99BAF5DBBAF5F61B64646454AF5E7DF5EAD5B71841CC65C9D2A5D5AA55F3C31FCD18D576DEB8367225CEBD50EF857D870EC7262446ED49DC1E9FB87D77F28E7D299B620EEE4C381A199FBC353E69FBEEA4A8BDC90987D33E9DFDF99BAD5A995F6533D7B6F39E0F8D76D1C3A2FD074C7F3F99616F9DF77374F9061173D60E0A0A2A65D61E3060C0840913DCB3F6F8F1E36596BFC5EF7B13B847AC7B8FDCB6F2F6C37AA66EFDB66EBDFA0639393975EBD6BD951FC4945C264F9EF2F4D34FFBDB87558D9FFFC90538675C06B906E7FAF6EDE9CD1FD77BE38D96667F7BD162F3D88F67A3D8FE03A3BF3FCCB0B7AEAC737439061173D69E376FDEB871E3CC1979FEFCF99EB3767A7AFAAA55AB4243437373737BF6EC69BE9528CF26252595C3C8CB827BC4A2F7C8ED2C6F3FAC67EAD66FEBD6AB6F3063C68C264D9A9463043197C68D9B7CF0C107BE1E61991895FAB3CD7ED6EE5A7E36DB369BAB6DACCD8D855B5C0D630BFD95CFB0B7AEE41C7DFACC4FA554AFE7B3B71E4464FE4D494929B65166E411234698ED0E1D3A2427279B6F599F3D7B363C3C7CEEDCB9111111AFBEFAEAC993276FFAFBDE04EE112BDE23B7B9BCFDB09EA95BBFADDB1B7F83ACACACAA55AB96F53762BC59649FB267BFFA3B22C6BB7699C66590AB9269B315B6DD5B3C1F1A973093FEB2583D85949CA3434243EFBFFFFE438949D72C5DD92ECF4A9FF20A2243860C494848F0DC22F375BD7AF5CCBFDC909191F1C9279F4843527B9F3E7DE41F9AC3860DEBDCB9F3E5CB974F9D3A65B3D96EF9049401F788E5EE91DB5FDE7E58CFD4ADDFD6ED8DBF819448CF9E3DCB3D82984BB7EEDDDDE9D81F187939F39A8BCDDDB05DBB83CEFD2D9D42AE39479B6FC65E73A636E768B343390611ABE01EB1D63D42799BA85BBFADDB1B7F833FFEF18FBE7823C4FD76C8030F3CE0EB417ACFA8D49F6CB69F64ED6AD8CD46A6BDB0E16E675ED54DFBFED64D21A5CCD1D79CA93DE7E8C09BA9BDC13D62A17B84F276A36EFDB66E6FF00DF6ECD953B3664D1F45107379E8A187FCE7FF9A312AF58C71F6CF145DAA33C625716F3C73CD0E9AF7B7680AB9E60FCB8BCDC29E3375C939DA7CB67C3F23E2E7B847AC728F50DE9EA85BBFADDB1B7C833163C60C1D3AD4A72964D0E0C1F25D7C3D4E379BCD3675EAD4050B1698BF42564C51A59ACB6963F17C78A6C4729AFEB2F8550A29FD12BB5DEF5706AE371787AFDF50CA0CEEB95877A636718FF8F33D42795F0F75EBCF755B8A1B7C83264D9AAC5DBBD6A72964F59A358D1B37F6F538DD561A7F334DDC79E79D83070FCECBCBF37CD6A8D45345D7C0DD28B9B89E72388A75D3B7BF5FA590D22FB1A9F4DF5ABCE64C5DB162456FE6683F9FA9BDC13DE2CFF708E57D3DD4AD3FD76D296EF00D9E7AEAA99D3BA37C9A42A2A2A26BD7AEEDEB71BA656565B9EF376954A95265CD9A35EE678D4AFD51AE81C371CAE1BA123F9A8B3C2CDE309E2DEAA37B7FBF4A21A55F62A7777F38E19A33B59773B43FCFD4DEE01EF1E77B84F2BE1EEAD69FEBB61437F806D5AB573F763CCDA729E4785AFABDF7DEEBEB717AAAE5FABF13AF90E0FCECB3CF9AFF859251A9278DB32FEB930ED7A5FAD1BDC5E1B1DDDCE86E68DEDFAF5288B3D44BECFDDF6E2A65A6BEE11CEDB733B597B847FCF91EA1BCAF87BAF5E7BABD9E1B7C83BBEEBA2B372FDFA72944F62FB53276ECD85282F9EDE4BA000EF3329C2CBC1E251E3AAE6CCFA0BF3C94F3E63F57B07465FAF391E1EB37947CA75AB6C8762FF7F0C30F9B64A6B6CAC9F192256AD2DFFA57B82DF708E55D0A4BD489BFF5AFA03C8504E47B21952B57368BB252A54AEDDBB77FE8A1875AB468E1CECB0E875C8C8CC2B5EBC2142EC5B6388AD6F497E536546A9994728923232365A6FE3E22E286951990FF58F412F7883FDF2394F7F550B7FE5CB7D7A3DDE742F6ECD9639669C3860D5F79E5959A356B868787BB9F7555AAFD84DD58A421D7C3BD2EDCE8302F92348A1E7AF4BF702169F0A0EEE6C6CCCCFD49495B8F1E8D4E4CDC9A9D7D58FA9F3EBDAF75EBA6E7CF1DB2D9D23332E2337F4AF8F9E783B23E7BF6807B27B2BD7DFB37A4B173E7371B372EDDBC79C5E64DCBA5111FBF41FA1C3CB865D4C8FE616183C78C19228B344243074D9D1A52F278BEFDF6CB69D3424A1EFF9933091D3BBE298D6FBE5970E850A43C25FB91C3BBB9F1BAFBFB550A29FD123BBD9BA903F207E75EF2E93DE27DFF1E3D3AE4E61C2DA5FF8B2F3E57CAFEBF336E8192FB77DD021D5A4A63CD9A058945B7C0C58B47CAFDF87D748F50DED7E327757BBDFEBD7B779297834B9752525276C8C3BFFFFDC59CCBA9478EEC70BD3A183D7BF5EC1811F1AF9D3BBE91C95FB6CB9CBF77EFF7070E6CF6D1F1F8CFDC7EE3DF91F9BA9CFE1FDDEB2DB2FF468D6EDFEFC8444444C869AD5BB7EE3DF7DC3371E2C46B7D8E3A5DAE8AA3F0DAA4BB1E16AE4F18DB0BDB45DDD2CD86DD96DEA347FB9123FBBFF2CA0B12147AF6ECF88F7F4C6EDFBEC5F4E9A18F3DF6E78BAE97F9F4DCDCA331D16B656ECDC949EDDFAF4B7070EF1123FAF5EBD7458ACFBDFF61437BB66BD7E2D8D16829C7952BE7366CF8C2D2A5FF58B162CE8EED6BE4D90D1B167FFCF1C4FCBC637979C7F2F38EE7E71F97F69B6F36368FE7E4C9F8FAF5FF3A6040D761C37A0507F56EDEFCD5A0A0DED21E32B87BBD7ACF9ECC88973DD8F28FCBFEA5FFE8D103525377CAF1B769D3EC26C65BACBF5FA590D22FB1A9F4993A507F89C04B3EBA47CADAFF85179E2DD6FFE081CD2D5B3692FB65C8901E2386F7AD55ABE6F0E17DA4BCE57693EDC9495BAFDC02437B0619B780DC6541C37A0D366E818C8CB82BB780E344C8E881720BD8CD5BC007C7EFA37B84F2BE1E3FA9DB6BF6CFCC4CF8CB5F1E59B870E60F11CB9A3479F9E79F0FBCF1C66BF28A20257A60FF265759DAD29A367D657DF822A9EDE5CBE68C1CD96FE58AB95F7DF5C95B6D9BFBE278FC6A6EBFC137183B76ECC041837C9A42060D1E1C121AEAEB717A5AB76EDDAC59B3CE9E3D5BF229232FA7391C6976591B8DC2B5C3A35D6C5DD43F3D2D66CE9CA9F270EEDC69DF7EBB60EDDAF98B167D74FEFC811EDDDB993DFBF7EFB23B3EBCD8FE334EEC92EDE6FE23BE5F32716270D6854332A5EE8AF976EFDE0D4D9BBE9CB0EFFBDDBBC32F5F967FABA56DDCF8558306CF0F19D2BD7019DC7DD0A0AE9242F2F38FCAB3E9E931FDFA7676EFBF4BE7D6EEE3ECDAB5AD3CFBCD9A2FC2C2063DF1C4FF8C1EDD3F2C74506AEA7679B6AD2B85C8D7EE2AEB783DB7FB550A71967A89DD64A6AE52A58A567F50C17B3EBA47CAD4BF71E30625FB2727450E1CF8CEB469A367CC1823952C297FF2E4114387F470DF83FDFA7576F7EFD2A5B57B0FAE5B202DE69B6FBE90CA376F8150B90552B6CBB3E62D70E2C4AEF23D7EDFDD2394F7F5F843DD5EB3BF44E1E5CB6745ED5C9392B22D76D7B73B767C2D93BC648EAD5B5798FD656E97578A4D9BFEB560C107E7CEED1F3DAABFB9871E3DDAF9E278FC6A6EE76FA75EC5A8D4E3AEC561AED30A1F166DB45F69BB9EF278E85A87860EFC25EBD0DB9DDEB4E51F5DFBCD178B167DF8E187E3B66C5E66F697D060BCF05FB57F570A71CD9BC7B76F5BD9B66D3329C1552BE764FEB477C58AD9AFBDF6D2975FCE94A551A397D2D2A2A4CFF7DF2F9E39736CC9E3E9D4B1E5E1C35BA521C1A5EB3B6D8607F71E39B2EF9FFFFCB0ACA5DDF9ED5609FB36CA2165651DCCCE4E92C3FBF9EC3E89234B967CB27DFBAAD6AD9AC884DEAA55E39319BBCA3A5E777F7F4B215EE28F4BDE845BBC47BCEC7F313BE9F1C7FFBB64FFB8B86FBB757B2B72CB7259EAD57B56D65BB62C6FD8F005F7FEF7EDDB58780B8C28BC0582DDB780ED58D605CF5B60A0DC02F27A50780BBC69DE02E573FCFE708F50DE9E6E4FDD5EB37F7CDC77FFF33F7F925787316306CB3CDFBCF9DF4346F76FDDBA6958E8C0575EF9DB2FBF1C923E92B95D29E487A58D1BD71F36B487FC833628A897D470F76E6F95FBF1F85BDD2AFE7F64F6ECDD27FBF7F520BDE7AA548779198E391CC78CF57157A3704BD176CF86B16C8D5CDEB367BBA0613D870FEFDDAFDFDBBD7A75E8DBA793A490B7DA364B4ADA64F61F32A4DBD1A3DB8BED3F236357FFFE9D654BCA91ADA74EC5C99659B3DEB5D98EA61DDF397468F78888C55F7F3D77D8B01EE992421CC76496ECD4A9A5F4976FD1AFEFDBB29609B743871632879A3B8C8DFD76DCB8A1E6FEDBB66D6A1EB3743B7E7CA7FBF8DF7EBBE5CA95B38707F79A3D7BF2860D8BA4E877EC5855D6F116EB6FD114E2E43FDA28BB9BBE47CAD45F2AFF4F7FAA1119B9AC58FF98986FE6CD9B2605FCCD375FFCDFFF3DB56AD5ECAFBEFAE8D34F2766672716DE02BBD61AB780AB7FDB364DCDAFF2B8055CDBDF7EFBCD2BB7C0FA7F16DE02E57AFC7E728F50DE6EB7A76EAFD7FFCC99DD6F776A79E850C4B973094D9BBE9C93939C9373589666CD5EB1DB8E2E5EFCD19831837AF468B769D312F987A8F4FFE9A73D8793B7A4A66E4B4ADA6CCB4F2DF7E3F1ABBAF5EAFFD4EDD6BDBB8F5288EC392838D8D783F49E51A972018ECABAC071ACB06D3CF4681C2BB1C5B5DEBB67DD8C19619F7C325ED63B77AE5AFBCDE78B16CD3C7F3EA1458BBFE7E6244B872183BB1D4DDD566CFF1927A2FBF77BDBDC38704017091CC141BD1E7CF0FEF5EBBF1C3AA4DBBAEF162C5FFED9B0A1DDD3D3A34EA4476DDFBE323EEE5BF9467BF786BBD67BD64D9F1E22BBDDB9639574903DC4EEFAE6C5179F0D0DE91F1A3AE02F7F7944D6D2AE5BF771F359D9C3B469A36AD6FCCFCF3F9F366A54DFD494ADB2D1082B37335ECFFED64D214EFED3D132BA957BC4FBFE5D3AB7DABF7F639B364D6CB654CFFEE1EB164AEC58BEECB3552B673FF75C9DD55FCF91A575EB26470E6F31F71F1BBBF6AA5BC068B86E81B49DD2C1B80546BA6F01F37E748595F23E7EFFB947286FD3EDA9DB6BF6BF7C2971D2A4A0BFFEB5EEC48941DFAEFDE285179E993061A8B10CFBEFFF7E583AD86DA9F24AD1A3FB5B9B7E58D2B0E10B7D7A779C33677283067F9D3F7FFA0B2FFC6FB91F8FBFD5ED8DBF41565656D5AA557DF17688EC53F67CE1C2055F0FD27BC6BB76123C8F165E15B3ED385A60AC8D2B64B4EDEE2DA9EEFE32AF2D58303D3D7DE7860D5F4E7F6FD4DAB5AE14224F7DF2F1B8F5E10BA5BFEBBD90D4ADC5F69F9111DDBFFFDB9EFB5FF7DDFC4F3F9DF0E3C998A143BBCD9D3B65C7F615C386754F3BBE2361DFFA59B3264D9E3C7CFCF8210BE64F9F6F2CF2B55DBBB6993DFBDDFD09EBE56B6377AD19376EB0B92B636E757DAF7EFD3A9D489729F8E8D6C865E1E10BBB746925CF86850D48350EC6F8F7E2CD8CD7B3BFA55388F33A3375299FCE3367EA409AA3BD772BF78897FDB76F5B3E68D03BB265CDEAB963C60C74F7FFE69B7921A3FB4D9D3AF2BD6923254C3CF6D89FA7198D975FFEEB80019D657E3782B8DC0243CCFE4509DB750B480A912D5BB72E0B5FB7A04BE737656358E8002388A7BABA95EBF1FBDB3D42793B6F4BDD5EAFBFCD9672E86044C78E2DF6EEF94E72F02BAF3CFFEDB75F7CBBF6735924499BFDB37F39D0A3C75B9B362D59B8E07D7327F230F150845469B91F8FBFD5AD57DF60C68C198D1A352EF71422FB9C3EFD7D5F8FB04C8CBC2C673FB5C058BB96C26BE3B1F678E8EE268D2FBE98F6EDB79FCBF63DBBBF9B3E7DF4DA6FE62D5A3443E6C4B7DA36DBB56BB56C1F32A4EBB1A35B8BED3FE34494F15E886B872B56FCE3B3CF2676ECD0C26E4F39733A56E2B0FC5B302EEE9BF9F3DF3B737A97D93F3525F2B5D75EDCB8F14BF30056AD9C25CFBA8F276AE7CA7AF59E090D957FFFF537DE0BE96FBC17F2D891239BDD876D4CC1A9AE293835F2E7B3BB8D293835E7F2A15F7ED95FA6F17A9E1FABA710E7757E885E4AF506C60FCB6FC2ADDC23DEF4DFB3FBDBA64D1B64671F30FB8F1AD54742B6BBC3871F8E1939A2B7FCCB52C2C7E38FFFF9FDF7477FF0FE6899D68F1DDB66F6DF69DE0221D7BD05A45B972EC62DE00AE29167E51630F2FA65B905B2AE710B94F5F8FDF31EA1BC7D5DB737ECDFA77787733FEF3D7A74EBABAFD68B89F97A57CCD7B2965A35FB4BC11BEF852C96E97DD8D0EEF26A7260FF865AB51E92FAF4D1F1F84FDD7AF50D727272EA3CF5D4942953CB3182C8DE649FBF645FF4F508CBC4A8D414873D45D6AE8BE16E3852CCC56C176EB1176E341B9FCF9BF256DBA6A1A1FD24C34E9D3A7CCD9A399242C6840D58B7EE0BB3FFE041EF1C3D1A596CFF274EECE8DFFF6DF7FEE7BA9247E35FB21272720E0D1CD0393C7CFEB4692364BAB4D90EBB8FE7F2A543BD7BB7CFCB4B92F6F2659FCE9F3FCD7D3CA74FC71C3AB4D1ECF6E69BAF998DD4942DD9D9FBDDC7DFB9734B590F1EFC8EC49DE0E01ED2CD6E3BB269D35713C60F29D3783DCF4F00A4106759FEFAB5E7121873B4F76EE51E29BDBFDD7E64F6EC498D1ABD78EEDC1E773729CEB7DF7E2324A49FDC11C5FA376FFE8AD96DDBB67F65FE14676E3C7DCA750B987D5CB780B1312565F3C5EC03EEC3905B401AAE5BA0638BE0A01EE69D22B7C0F8F1836FE5F8FDFC1ED1BCBC7D57B75EF6EFD0A1F9EBAFBFF2CF2F3F90B5BBBFAB6D743BF7F39E1E3DDAFE10B168C102F95765CA2FBF2474EAF446AF5EED060DEA929B9BE88BE3F19FBAF5F61B64646454AD5A75C9D2A5E5124156AC5C79DF7DF71D3B9EE6D3B1DD04A352E5F5FE88C3EE5ABB1B856BA351BC43D1C36FD7CE8DDDF5B5347E3CB933E2FB2F17FDF3FD458B3EF0ECDFBD7B9B6347B7787EF9DA6FE6BCF8E2330BE64FF3DC7F54D4F2A54B3E7CF5D517A2A35698FB5FBEECE3397326153B9E533F463DF3CC934F3EF9DFBB77AFB9E6F1D4AFFF5CB1E3FFE5977D7FFFFBDF3EFA284CDA830775D99FB04E1AFFFCE7FB5DBBB6EAD5F32D39EC328DD7F37894CFB0E5A5AC3375C0CCD1DEBB957BA4F4FE5B2397040575CFCB3D54ACBFDD963C26ACFFF66DFF72F7FFE493B1F5EAFD6F5858FFD2F72FB740B1E3C9BED12D702BC7EFFFF788CEE5EDBBBAF5A6BFDD7EB84BE796C78F474ABB458B86B2CECF4BECD8B1F9D34F3F6E76483BBEB547F7B6ABBF9E357FFED44D3F2C7AEDB57A7B767F233BFCE2F329CBFEF571B91F8F5FD56D19BE417ABAEB0F984880B8C508225146F6B37DFB0EDF8DEAA6C98115B8AE846B7138CC8B54B4B65FD95E7263C9FEB93907F3F30E79F6BF743141E653CFFEB9B9076DF989D7DC7F4ECE81D2F76F4CA97B4B399E2347226EE5F8CBD4DF1F66D8F2E2FD4C1D4873B4F7CAF11EB9E9FE172F26C8DD74C3FE470E47DC9EE3B1D03DA26D79FB43DD96D23F3F3F31EBC26EF3295B7E92C39EAC4FDD96ED1B444747DF77DF7DB7F2A319F9DAAA55ABA61E3DE693D1DC32E3134CC90E875440B2510746A3E4BAB0CF618FB6D6FDFD64862D2FDECCD40136477B8F7BC4EAF7889EE54DDDFA6DDD96F91B646464D479EAA9468D1A97F5B766A4BF7C957CAD1FFE20C6CDC8CB49C6625E06C9A4850FDD0D7707C7D50F75EEEF3F336C79297DA60EBC39DA7BDC2301708F6858DED4ADDFD6EDCD7C839C9C9CE9D3DF9732EDD6BDBB375944FA484FE92F5FE56F1F472DC6F8D961A27125128B1A4966A3D8F662CF6ADEDFAF66D8F272BD993A20E768EF718F04C63DA25B7953B77E5BB737FF0DB2B2B2468E1CF9C0030F3CF4D04303070DFA7AF5EA9D3BA38E1D4FCBCDCB97B5B465CBA0C183E559E9133C7CB8F42FC7E3F611232F277ABF381C87E85FE07F336C7929395307EA1CED3DEE9180B947B42A6FEAD66FEBB61CBEC19E3D7BC68E1DEBFA694B9D3AF7DD77DF9D77DE296B69CB9690D050FFF93F62BC71C71D7738EC070B5CD7E390C351D8702FEE2D259FD2B9BF9CB18A152BAABE74BEE2395307F01CED3DEE9140BA47F4296FEAD66FEBD6EFE2B95AD5AB573F91BEA9C071C05C9C05078DC64163397075FB605187839AF7CF38B1F9DE7BABAABE743E64CED42B56AE0CE039DA7BDC2301768F6852DED4ADDFD62D29E42AB56BD78E895EE2BE12058EFD1E8B5C18F746D7DA79A583D6FDE58C3DF9E49F555F3ADF8A8C8C94395AD6AA0F443DEE91C0BB473A77EE1CF0E54DDDFA6DDD9242AE1212121214D4C559201720C17DCD9CB214785EC2620F1334EF3F3CF89DD1A3BAABBE743E3776EC58D587E017B84702EF1EF1C3CFAC943BEAD66FEB36F08BAF4C6262626AD478203F6FB7D37525E492241897A470F17C58FC295DFBCBB9AA59F38F513B17A9BE743EA7C34CED0DEE91C0BB4774A86DEAD66FEB36F08BAFAC5AB468316DEAE002C73EA7639F6B5DE06A18D7A9688BB1B1A0F0D90463D9A76D7F39572D9AD7577DD16E071D666A2F718F04D83DA2496D53B7FE59B75A145F99242525FDFAD777EFD8B6C075CD5C9764AF2C4E63ED6AB8B75C796A9FD941C3FE3F44CCA956ADCAA1835FABBE68B7832633B537B847CA7A8F241E5AADFAA2954693DAA66EFD736ED7A2F8CA6AF7EEDD725B467C3FBBC0B1C759605E15D7E27AE8286A146D31DB6643ABFEDBB7CD97B3B4EEBB4F545FAEDB449399DA4BDC2381748FE853DBD4AD1FD6AD2EC55756EBD6ADFB7DB52AD3A60EB4E5ED2A70EC7616EC36D74EC7EEAB1E1A5BAE6A14EB1088FD6DF9BBE4CC54FAF5DDBBE317ABBE50B78F3E33B597B84702E61ED1AAB6A95B7FAB5B8D8AAFAC9292929A377FE9A11A7F080E7A7B57F49719E9E1058E38E352C59BEB0269B8DA57370A0A9F757AB6ADDFBFC01E77223D3C266A617050A71A35FED0A2F94B49892B555FA2DB4AAB99DA4BDC2381718FE856DBD4AD5FD5AD5EC577136262624246777DF2C95AD5EFAB7A47C58A15742563973350FBC95A723662A217AABE2C0A54D06CA6F61EF788C9BAF748052D6B9BBA3529AF5B1D8BCFA2F87B156A55D072A6860EA86DB5349FDB293E6BF8FCF3CF65A6484B4B537D20FA62A646A0A2B6D5D2FCFC6B3D78ABC8C9C9F9B77FFB37A9D4A64D9BAA3E167D693E53208051DB6A697EFEB51EBC55B46FDFDEFC015E952A55C2C3C3551F8EA6349F2910C0A86DB5343FFF5A0FDE121213137FF5AB5F9929E4AEBBEE7AF0C107F3F2F2541F948E349F2910C0A86DB5343FFF5A0FDE126AD5AAE5F979E6FBEEBB6FC28409AA0F4A479ACF140860D4B65A9A9F7FAD07EFFFCCBFF457CC6F7FFBDBCCCC4CD587A61DCD670A04306A5B2DCDCFBFD683F77F13274E94027DECB1C71A3468208D071E7840D68F3EFAE8679F7DA6FAD0B4A3F94C8100466DABA5F9F9D77AF0FE2F2222420AF4DFFFFDDFCD0FA8CAFA37BFF98D34D6AD5BA7FAD0B4A3F94C8100466DABA5F9F9D77AF096101313939595E52CAA54696FDEBC59F1316949F39902018CDA564BF3F3AFF5E0AD45F34A558EF38F40456DABA5F9F9D77AF0D6A279A52AC7F947A0A2B6D5D2FCFC6B3D786BD1BC5295E3FC235051DB6A697EFEB51EBCB5685EA9CA71FE11A8A86DB5343FFF5A0FDE5A34AF54E538FF0854D4B65A9A9F7FAD076F2DBFFAD5AF541F82D6349F2910C0A86DB5343FFF5A0FDE5A34AF54E538FF0854D4B65A9A9F7FAD076F2D9A57AA729C7F042A6A5B2DCDCFBFD683B716CD2B5539CE3F0215B5AD96E6E75FEBC15B8BE695AA1CE71F818ADA564BF3F3AFF5E0AD45F34A558EF38F40456DABA5F9F9D77AF0D6A279A52AC7F947A0A2B6D5D2FCFC6B3D786BD1BC5295E3FC235051DB6A697EFEB51EBCB5685EA9CADDFAF94F4949D9B163C7AE5DBBE2E2E2E20DB1B1B1515151C9C9C9C57ACA53616161B7F8ED002F31B7A8A5F9F9D77AF0D6A279A52A57FAF9CFCECE6EDAB469972E5D7AF5EAD5A74F9FD75F7FBD4D9B36BD7BF7EED6AD5BEBD6ADD7AC59237D860F1F3E6BD6ACD5579B33674EBF7EFDCC9D6CD9B265E4C891B293F7DE7B4F1A93264D6AD4A8517070707474F4ED182174C5DCA296E6E75FEBC15B8BE695AA9CF7E7BFA0A0E0F9E79F3F7FFE7CB1ED122CB66EDD2AC963FDFAF51B376E94B5B4B76DDB366CD83079363333333E3E7EFFFEFD925A248E2426264E99324582C8810307F6ECD973EEDCB9721E0F5084B9452DCDCFBFD683B716CD2B5539EFCFFF840913FEF0873F646565252424786E971412131313151525A962DFBE7DB29687B1B1B1C1C1C14EE3E7354B962C193366CCF0E1C3471791F6D8B163172F5E9C969656FE43020CCC2D6A697EFEB51EBCB5685EA9CA7979FEA74D9BD6A74F9F162D5A9C3973E685175E888888703F252924353575E9D2A5A3468D0A0B0B9390B17CF9F2E3C78F9B29C4D4AE5DBB8D1ED6AF5FDFBE7DFBF21F0CE081B9452DCDCFBFD683B716CD2B55B91B9E7FC913CD9A359348515050202944B6646565D5AF5F5F9284D9C14C2183070FCECCCC9487172E5C183A7468C914F2AE8749932675ECD8D16763025C985BD4D2FCFC6B3D786BD1BC52952BFDFCA7A5A53DF2C8236BD7AE351F9A29449C3B77AE6EDDBA191919CEA214121414544A0A193060C0840913DC2964FCF8F1925A7C3524C0C0DCA296E6E75FEBC15B8BE695AADC0DCF7F7E7EBEBBED4E21E2E2C58B66C34C21F3E6CD1B376E9C9930E6CF9FEF9942D2D3D357AD5A151A1A9A9B9BDBB3674F79281BE5D9A4A4A4721E0CE081B9452DCDCFBFD683B716CD2B55B9329DFFD75F7FBDE446C913292929C5364AC218316284D9EED0A1437272B2F92398B367CF868787CF9D3B372222E2D5575F3D79F2E4CD1E387003CC2D6A697EFEB51EBCB5685EA9CA95E9FC3FF7DC7325370E1932A4D86FCD48FEA857AFDEE6CD9BA59D9191F1C9279F48E3830F3EE8D3A7CFC89123870D1BD6B973E7CB972F9F3A75CA66B3DDD2D103D7C7DCA296E6E75FEBC15B8BE695AA1CE71F818ADA564BF3F3AFF5E0AD45F34A558EF38F40456DABA5F9F9D77AF0D6A279A52AC7F947A0A2B6D5D2FCFC6B3D786BD1BC5295E3FC235051DB6A697EFEB51EBCB5685EA9CA71FE11A8A86DB5343FFF5A0FDE5A34AF54E538FF0854D4B65A9A9F7FAD076F2D9A57AA729C7F042A6A5B2DCDCFBFD683B716CD2B5539CE3F0215B5AD96E6E75FEBC15B8BE695AA1CE71F818ADA564BF3F3AFF5E0AD45F34A558EF38F40456DABA5F9F9D77AF0D6A279A52AC7F947A0A2B6D5D2FCFC6B3D786BD1BC5295E3FC235051DB6A697EFEB51EBCB5685EA94AD86CB6458B16656565398BCEFF9E3D7B76ECD8A1FAB880F2C4DCA296E6E75FEBC15B8BE695AAC4F8F1E3E5B457AC58B156AD5AD2A85CB9720583F9BFE0028181B9452DCDCFBFD683B716CD2B55898913275628E199679E090F0F577D6840B9616E514BF3F3AFF5E0AD45F34A55E2ECD9B377DE79A7670469D8B0E13DF7DC939999A9FAD08072C3DCA296E6E75FEBC15B8BE695AACA9021432A56AC6846904A952A490A99306182EA8302CA13738B5A9A9F7FAD076F2D9A57AA2A79797955AA54315348FBF6ED1F7EF8E1DCDC5CD507059427E616B5343FFF5A0FDE5A34AF5485D6AC5963FE5CA6468D1A7C22048187B9452DCDCFBFD683B716CD2B55AD679F7D56CE7FF3E6CD551F0850FE985BD4D2FCFC6B3D786BD1BC52D54A4B4B93F32F6BD50702943FE616B5343FFF5A0FDE5A34AF54E538FF0854D4B65A9A9F7FAD076F2D7A566A7474F4E8D1A36BD7AE7DDF7DF7DD71C71D25FF7A872664EC7206E43CC8D99073A2FAB220A054D0726EF11F9A9F7FAD076F2DBA556A5252528B162D1E7EF8E1E1C387EFDC19753C2D3D2FDF966F93C56E2CEEC6351F96DC6EEDFE79F9F97206E43C0C0B0A9273D2BC79F3C4C444D597080142B7B9C5DF687EFEB51EBCB56855A9BB77EFAE54A9D2E4C9932FE7E448F6305E8C5D6B9BCD0C22D7586C76773BC0FBCB399932654AB56AD5D6AD5BA7FA4221106835B7F821CDCFBFD683B7167D2A555E5C65B0919191C62B71BEF10E88EBE5B8A86DACEDB6FCABB7782E3AF4DFB071839C25896BAA2F172C4F9FB9C53F697EFEB51EBCB56852A9494949BFFFFDEF376E5C9F6FCBB3D9F2F26DB9B2988D620F5D1DEC7966377743ABFE91915B7EFDEB5FF3A319DC224DE616BFA5F9F9D77AF0D6A249A5B668D162F2E449C64BAFBCEEE6B81AF6DCA217E3C276D1961C737B61372DFB4F9932B9D9EB4D555F34589B26738BDFD2FCFC6B3D786BD1A1526362621E7AE8A19CDC8BF2FA6A93C5F5EA2BEB9CFCA2B6B9D8CCB5DDDDC8D5B6FFE59CEC9A351FE2B766702B74985BFC99E6E75FEBC15B8B0E951A1212121C1C6CB35D365E892FCB52EFEF8DBDFC5D56B3BFEBB5B9E8CBAF34ECC646B3833DC773FF01D03F2868C8E8D1A3555F3A58980E738B3FD3FCFC6B3D786BD1A1526BD7AEBD634764BEED92F18A7BE9C5971BFEE8741E77380FDB9C07F39C7BF39CB1D9F6192B7FD890712126DF199DE38CC9716EBBE4DC98EBFC705B42F71E3D8D97E7CBEE2FF76C9B0FAFB46D854F0540FF9D3BB73EF9E413AA2F1D2C4C87B9C59F697EFEB51EBCB5E850A9D5AB573F7EFC88CD7EC95C64C8D94EE7C502E705BBF3E77CE725A773C8A8B00A157FF36CC3E61936677A9E333DD7792CC779C4EE5CB673AF74B6B95EA12F9A5FEB6AD88CFDD82E998D7CF7C3A2FD0746FFB4F4947BEFBD57F5A58385E930B7F833CDCFBFD683B7161D2AF58E3BEEC8CBCFB6B95E802FCAEBAB0CF992C399E7703D652F70ADBFF96EFDFD351F1D3D71BADDE9FCC5EEBC6073FE6C739E773A37EEDAE74A2176E325DCF5427ED178392FDC4FE143CF46D1F600E89F9F9F5DB16245B5170E96A6C3DCE2CF343FFF5A0FDE5A74A854E3FD8C5F6C760922D9B2968717EDCEB3979DF98EC20EE7CF9FFFE0E35913DEFB38FDE42979682B70E61BE96447DCDEC2AF35BEB07027251BAE0E57F61F30FD75A80DF80EF5A396E6E75FEBC15B8B0E956ABC9F21AFAC59E6DA95421CCE9F2E394F673B6D4E677E5EDE9F6BD5AA50E18E0A152ABDF95627CF2F8C8DDF7DE56B0B5FAADDFBF168D83DB767054C7F1D6A03BEF3AB5FFD4AF521684DF3FB57EBC15B8B0E956A24892CE395555E62B3CC9FC89CBDEC3CF98BF34CAE33F640EABDF7DE7BC79D77FFBF7BAAB66D77550AD915172F9DEDAE17E92CBB3DCB7327767B6143D666078FA702A4BF0EB5011F3977EE5CE5CA95551F85D634BF7FB51EBCB5E850A9C64F552EB85E68ED17CC17D7CB05CE9F735CEF85FC94EB8CD895F8D8134F55ADF6FB7B2A5799B57059AED3999DE7BC94E7FAC26D51BB0ABFD6F5E5856BE3E5FCCA16E3E5FC82E7FE03A6BF0EB5011F494D4DAD51A386EAA3D09AE6F7AFD683B7161D2AD54812E7EDAE17DDF3B29843962072C1E63C97EF3CF98B6D47C2B127EAD47DE995D7CEE4394FE738CFE438CFE63925876C8B315288DD7CF1762DC62BB7B12B7BE1DAE6B9D1D87FC0F4D7A136E02371717175EAD4517D145AD3FCFED57AF0D6A243A51A49E2BCF1BA2BAFB2E75EA8F7C2BE4387631312A3F6246E8F4FDCBE3B79C7BE944D310777261C8D8C4FDE1A9FB47D7752D4DEE484C3699FCEFEFCCD56ADCCAFB2996BDB79CF8746BBE861D1FE03A6BF0EB5011F59B46851EBD6AD551F85D634BF7FB51EBCB5E850A9C6673BE4C5F59CF1122BAFAFE7FAF6EDE9CD1F4E7DE38D96667F7BD162F3D88F67A3D8FE03A3BF0EB5011FE9D5ABD7CC9933551F85D634BF7FB51EBCB5E850A9460AF9D9663F6B772D3F9B6D9BCDD536D6E6C6C22DAE86B185FE3AD4067CE4B1C71E8B8D8D557D145AD3FCFED57AF0D6A243A51A3F91C9345E62E51537D3662B6CBBB7783E345E9E33E92F8B0EB5015FD8BF7FFFFDF7DF6FB3D9541F88D634BF7FB51EBCB5E850A9C67B2199D75C6CEE86EDDA1D74EEAF436DC0173A74E83075EA54D547A13BCDEF5FAD076F2D3A54AA91427EB2D97E92B5AB61371B99F6C286BB9D795537EDFBEB501B2877C78E1DFBDDEF7E77FAF469D507A23BCDEF5FAD076F2D3A54AA9142CE18AFAC678A5E86CF182FB7EE8D67AED941F3FE3AD406CA575656D6DD77DFFDD5575FA93E106831B79742EBC15B8B0E955A9442CCE5B4B1783E3C5362394D7F59AE591BF1F1F1FDFAF55BBB76EDEDBF8EF07312419E78E289B7DF7E5BF581C04587B9BD145A0FDE5A74A85423859C2A7A7D75374A2EAEA71C8E62DDF4ED5FAC360E1D3A54CBF51FEE14DABC79B3A2EB097F74ECD8B19A356BF6EDDBB7A0A040F5B1C04587B9BD145A0FDE5A74A8542385FC28AFAF0EC72987EB55F647739187C51BC6B3457D74EFEFAE8D9C9C9CF6EDDBFFEA57BF32F3C7A38F3EFAEFFFFEEFF20F5FB597157E62FFFEFD521EBFFBDDEFF8418C5FD1616E2F85D683B7161D2AD54821278D5756599F74B85E867F746F71786C3737BA1B9AF7376BE3F3CF3FFFB77FFB37CF3FE6D6A0418376EDDAA9BEAA50E3DCB973A9A9A971717192397AF7EEFDF8E38FDF7FFFFDD3A64DE3E3A8FE4687B9BD145A0FDE5A74A8543385381CE64BECC9C2D7DA120F1D57B667D05F1ECA791B3B76AC377F64D6E47EB304814A2EF16F7EF39BCA952BD7A953A755AB563366CCD8B56B177F17C43F55D0606E2F85D683B7161D2A55C6E870C80B6D46E1DAF5A25BB814DBE2285AD35F16B336D2D2D29A356B56A54A95BBEEBACB7C297AE08107782FC442B2B3B39B366DDAA54B975EBD7AF5E9D3E7F5D75F6FD3A64DEFDEBDBB75EBD6BA75EB356BD6489FE1C387CF9A356BF5D5E6CC99D3AF5F3F73275BB66C193972A4ECE4BDF7DE93C6A449931A356A141C1C1C1D1DAD7470B82E1DE6F652683D786BD1A1525D29C47EC26E2CD290D75AF7BA70A3C37C019646D143AFFBCF9C396EE3C6A5F2545ADAAEF8F80D09FB220E1CD82CEBB8B8F53F9F3DE0EEDFB36787DCDC63E6FE3B767CF37AFB7FFAE927F3F3D38A1DCFC71F4F3A9CBCCDDD3F3CFCAB0F3F1C5F5EC75F4A7FCFDA080F0F7FF0C107EFBDF75E3388C83F88F95C88151514143CFFFCF3E7CF9F2FB65D82C5D6AD5B2579AC5FBF7EE3C68DB296F6B66DDB860D1B26CF666666C6C7C7EFDFBF5F528BC491C4C4C42953A648103970E0C09E3D7BCE9D3BA76228B8011DE6F652683D786BD1A1522BB87E22932EAFB88EC2D7DD74D7C3C2F509637B61BBA85BBAF7FDF3F28E757DA7EDD6ADABC2C2064F9C38FCF3CFDF1F36ACD78205333A7668B961C3E2E8A8B58306750B0B1D54B7EEE363C60C090EEE336EDCB0FAF5FF3A6142D0D8B143255BC8DE8E1F8FD9B163CDEEF8F57BF77E2F4FEDDDBB313E2E7CE7CE6F8E1F8B310FE3A733FBFEFEF77A67CEEC0B0D19141232B053A7564D9BBE121A3270C080AEB77EFCA5F42F561B79797913274EFCED6F7FFBE8A38FCA53313131AA2E286EDA840913FEF0873F48824C4848F0DC2E29442E68545494A48A7DFBF6C95A1EC6C6C6060707CBB32929294B962C193366CCF0E1C3471791F6D8B163172F5E9C9696A66834288D0E737B29B41EBCB5E850A9C67B21690E479A5DD646A370EDF068175B97A5BFDD765C1A616183BEFBEECBF5E18B5E78E1996FD72EF8E8A3F19B372F9367DF7D77C4B871439F7EFA89F1E3870507F5EED8F18DCC9FF67DB3E68BE5CB67E5E6A6CA17CE9D3B6DF0A06E73E64C95A54E9DC7CC46BFBE9D3FFB6CB2FBBBA4A7C5E4E71FDDB46959D0B05EB287264D1A8C1EDD7FD9B2CFCAE5F8AFD7FF9AB571F6EC59F98732BFA66B45D3A64DEBD3A74F8B162DCE9C39F3C20B2F444444B89F9214929A9ABA74E9D251A34685858549C858BE7CF9F1E3C7CD14626AD7AEDD460F5206EDDBB757310E784587B9BD145A0FDE5A74A85423851C772D0E739D56F8B068A3FD4ADBF594C7C31BF4DFB66D65C70E6F74EDDA56DA61A103BFFB6EC1BAEF16366A545FD69242B6480AB11FEFD4A9E50F3F2C6DDAF4E54D3F2C6DDDBAC98F276383827A496439F5639CB9FF2FBE787FC3FA45E60E5BB67CCDDCFF9AD59F7FF1C574F9D671B1DFCE9E3D65D9BF3E3BF773C29A359FAF0FFFE7D4A9A306F4EF228DB5DF7C917868D3AD1C7FE9FD75A80D4D489E68D6AC99448A82820249214EE32F8CD5AF5F5F9284D9C14C2183070FCECCCC9487172E5C183A7468C914F2AE8749932675ECD851C970E00DCDEF5FAD076F2D3A54AAF1E954F325F698C371CC581F77350AB7146DF76C94A5BF640B6987850D9C342978E8D0EE6FBCF1EA80015D060FEEBA658BA490637171DF3669D2E0A5979E938DAB56CE96FE2121FD5F7BEDA59C9CC3E6977FF1C57BAD5A350E0AEA29CB9FFE54C3D518D6B3458BBFBB5288FD5872F2E6DDBBD7C93EB3B20E4AEC58B56AF63AC93AEB16AE59334F42C9B1A3DB6FFDF8AFD75F87DAD0415A5ADA238F3CE2FE73B7660A711ABF735BB76EDD8C8C0C67510A090A0A2A25850C183060C28409EE14327EFC78492DB77D34F096E6F7AFD683B7161D2AD54821F2E27A54D6058E63856DE3A147E358892DDEF66FDBA6A9348286F5888D5D3B62446FC922EFBE1BFCD14763B76CF9577CDCB72D5BBE76E850C4EBAFBF72E674DCC2851FF4EED5617870AFAFBF9EF3FCF34F4BFF0223856C58FFA5B937D77B214663CDEA79B2DDFD1DDBB66D2AEB458B3E7CE79DD61F7F3CFEE38FC78586F41F35AA6FB91CFFF5FAEB501B9AC8CFCF77B7DD29445CBC78D16C982964DEBC79E3C68D3313C6FCF9F33D53487A7AFAAA55AB4243437373737BF6EC290F65A33C9B9494741BC78132D0FCFED57AF0D6A243A51A3F914975388E16BEE29A6DC7D102636DBCFA1A6DBB7B4B6A99FA4B0AC9CD49EAD6ADCDA1831143877493FE92152485446E592ACFAE593DB74F9F8EFDFA750A0B1DD0A54BABE1C37B8D1ED577D0C02E33678EC9CB3D2C3BF9E28B694386749B3367F2DC3993EBD479541AB2F4EFFFB6A410F7F11841E7E8B27F7DFAE69B8DC68C193866CC20D70EC30694CBF15FAFBF0EB5A1A1D75F7FBDE446C913292929C5364AC218316284D9EED0A1437272B2F92398B367CF868787CF9D3B372222E2D5575F3D79F2A4AF8F193741F3FB57EBC15B8B0E956ABC1722AFACA905C6DAB514BEEE7AAC3D1EBABB79D33F2F2FF9C927FFA777EFF62FBFFCD7D3A7629A34A93F7A74DFB7DA3633DE0B596A764B4A8C58BEEC5369B46ED578CD9AB95FAF9AB57AF51CF7FE3FF964FCECD9EFEEDBBB6EDFBE75F5EBFF9FACA5FDE9A7E367CD9AE43E9EB66D9B7EF9E507B2134927FFFCE70C59A64E1DE14A21B77CFCA5F4D7A13634F4DC73CF95DC3864C89062BF3523F9A35EBD7AE6C7903332323EF9E413697CF0C1077DFAF4193972E4B061C33A77EE7CF9F2E553A74EF157CBFC93E6F7AFD683B7161D2AD54821290E7B8AAC5D2FB4EE8623C55CCC76E1167BE1462FFBC7C5AE69D0E0FFA2A256B67AB39167FF8F3E1CB365CB12B3BFA48AE9D347C9536DDA348E8E5A259D65B9E6FE1B377EA9E4F1A4A66EB9E79EDF7EF6D9C465CB3EF97066587252447272C4FAF005A1A1FD6EFDF84BE9AF436D00814AF3FB57EBC15B8B0E956AA490C3058E230EBB6BED6E14AE8D46F10E65E99F9B73B077EF76FBF67EEBEEDFA573CB871FFECF6347B72C5FF671C78ECD7B746FDBB9F31BC1C13DDAB6691214D47DF0E02ED25F12C99AD5B38BEDFF99679E2CB9FF847DDF2D5BF6B134E6CF9FFAAFA51F49E3C2F9DD2FBDF4ECE2C533CAE5F8AFD75F87DA000295E6F7AFD683B7161D2A55C658E07A95752D0E87F9025CB4B65FD95E72E34DF777D8936F6EFF49891B4BE99F9B73202FEF90B9D1664BF2DDF19B0D1D6A0308549ADFBF5A0FDE5A74A854E3D3A9120B920B1CC9D228301B25D7857D0E7BB4B5EEAF436D00814AF3FB57EBC15B8B0E956ABC1792642CE64B6C92C35EF8D0DD7077705CFD50E7FE3AD40610A834BF7FB51EBCB5E850A9C6E742128D57D9C4A24692D928B6BDD8B39AF7D7A1368040A5F9FDABF5E0AD45874A35DE0B49F47E71380ED1BF8014025899E6F7AFD683B7161D2AF58E3BEE70D80F16B85E6B0F391C850DF7E2DE52F2299DFBCB19AB58B1A2EA4B07E026E930B79742EBC15B8B0E955ABD7AF513E99B0A1C07CCC55970D0681C34960357B70F167538A879FF8C139BEFBDB7AAEA4B07E026E930B79742EBC15B8B0E955ABB76ED98E825EE57D902C77E8F455E74DD1B5D6BE7950E5AF79733F6E4937F567DE900DC241DE6F652683D786BD1A1524342428282BA380BE4C535C1FD7AEC94A5C0F3E5B9D8C304CDFB0F0F7E67F4A8EEAA2F1D809BA4C3DC5E0AAD076F2D3A546A4C4C4C8D1A0FE4E7ED76BA5E65E5E536C178B92D5C3C1F167F4AD7FE72AE6AD6FC63D4CE45AA2F1D809BA4C3DC5E0AAD076F2D9A546A8B162DA64D1D5CE0D8E774EC73AD0B5C0DE335B8688BB1B1A0F0D90463D9A76D7F39572D9AD7577DD100DC3C4DE6F6EBD17AF0D6A249A5262525FDFAD777EFD8B6C0F57AEC7AB9DD2B8BD358BB1AEE2D579EDA6776D0B0FF0F1173AA55AB927868B5EA8B06E0E66932B75F8FD683B7167D2A75F7EEDD32D888EF671738F6380BCC575CD7E27AE8286A146D31DB6643ABFEDBB7CD97B3B4EEBB4F545F2E00B7449FB9FD9AB41EBCB56855A9EBD6ADFB7DB52AD3A60EB4E5ED2A70EC7616EC36D74EC7EEAB1E1A5BAE6A14EB1088FD6DF9BBE4CC54FAF5DDBBE317ABBE50006E9556737B495A0FDE5A74ABD4A4A4A4E6CD5F7AA8C61F8283DEDE15FD65467A788123CE78198E37D705D270B5AF6E14143EEBF46C5BBF7F813DEE447A784CD4C2E0A04E356AFCA145F397921257AABE4400CA816E737B315A0FDE5AF4ACD498989890D15D9F7CB256F5FBAADE51B162055DC9D8E50CD47EB2969C8D98E885AA2F0B80725341CBB9DD4DEBC15B8BE695AADCD8B163551F028000A4F9DCAEF5E0AD45F34A558EF30FC017349F5BB41EBCB5685EA9CA71FE01F882E6738BD683B716CD2B5539CE3F005FD07C6ED17AF0D6A279A52AC7F907E00B9ACF2D5A0FDE5A34AF54E538FF007C41F3B945EBC15B8BE695AA1CE71F802F683EB7683D786BD1BC5295E3FC03F005CDE716AD076F2D9A57AA729C7F00BEA0F9DCA2F5E0AD45F34A558EF30FC017349F5BB41EBCB5685EA9CA71FE01F882E6738BD683B716CD2B5539CE3F005FD07C6ED17AF0D6A279A52AC7F907E00B9ACF2D5A0FDE5A34AF54E538FF007C41F3B945EBC15B8BE695AA1CE71F802F683EB7683D786BD1BC5295E3FC03F005CDE716AD076F2D9A57AA729C7F00BEA0F9DCA2F5E0AD45F34A558EF30FC017349F5BB41EBCB5685EA9CA71FE01F882E6738BD683B716CD2B5539CE3F005FD07C6ED17AF0D6A279A52AC7F907E00B9ACF2D5A0FDE5A34AF54E538FF007C41F3B945EBC15B8BE695AA1CE71F802F683EB7683D786BD1BC5295E3FC03F005CDE716AD076F2D9A57AA729C7F00BEA0F9DCA2F5E0AD45F34A558EF30FC017349F5BB41EBCB5DCB052535353A3A3A3E3E3E365BD69D3A6152B564C9F3EBD67CF9ED9D9D9EE3EE3C78F97EDEE87999999FFFCE73FBB75EB56726FFFFBBFFFEB70388A6DFCF4D34F535252DC0F376CD8F0F1C71FDFCC602CC266B32D5AB4282B2BCB5974FEF7ECD9B363C70ED5C70520709042600D37ACD4A3478FCE9E3D7BE1C285CB972FFFDBDFFE265944B6FCFCF3CF76BB5D9E3D78F060BF7EFD424343BB74E91212123278F0E0D6AD5B4B2891D754B3833871E2847CD5DEBD7BF7EFDFDFA0418384840479D18D8989494F4F373B9C3D7BF6D5575F95EC12161626BBEADCB973B366CDA43D68D0209F8E5D15393F72DA2B56AC58AB562D6954AE5CB98261F3E6CDAA0F0D40802085C01A4AAFD4D8D8D8B7DF7E3B38385832C1B871E31E7DF451594B50080A0A92ED717171050505111111494949D279E0C081E7CF9F9738929B9BEBB993CF3FFF7CC89021F30C4F3DF594D9E8DFBFBF841B779F8C8C0C492D919191F2BD3A75EAD4B46953C9349EEFAF04928913275628E199679E090F0F577D68002C8CF759DD482196E14D5E7EE38D3724798C19334652C8D8B1632591B46FDFFEE2C58BF2D4E5CB9725798C1E3D3A3E3EFEBDF7DE93EAEFDDBBF7CE9D3B25BE98EF9A489F050B167CFFFDF7E6AEDE7CF34DB3B176ED5AD92E8DDDBB77CF9D3B5702C7850B1764E3C68D1B653F1268A4F1DD77DF252727FB6AE4EA9C3D7BF6CE3BEFF48C200D1B36BCE79E7B323333551F1A000BE37D5637528865789342E43572A7A1418306664372C9A54B97E42929EE4993264D9B36EDE9A79F9E32658A24951E3D7A7CFDF5D72FBFFCF2AA55ABF6EEDDEB345248EBD6AD830D8F3CF288D9903D9829E4C89123D2AD65CB96D9D9D9123B56AF5EBDDEB0D6909696E6EB33A0C490214364A63027884A952AC9199E306182EA8302606DBCCFEA460AB10C2F53C83643FDFAF5CD46F3E6CDCD4FA76665654956D8B469D36BAFBDF6FDF7DF4B8CE8DEBDBB6CEFD2A58BFB53A8A5BF17627AEBADB764BD78F1E2AE5DBB7E6A080B0B1B3D7A74B98ED58FE4E5E555A952C59C23DAB76FFFF0C30F17FB3116009415EFB3BA91422CC39B14D2AD5B37C90463C78EFDCB5FFE62FE44A6478F1EE7CF9F771A2964F6ECD9AB57AF6ED4A891ACD7AD5B27F9C35922850C1D3AB4D8E742060C18503285AC58B1A255AB56E30CFDFBF71F33668C2F86EC27D6AC5963CE17356AD4D0F05F2A007C81F7594DA410CBB8610A3978F0A0248FC993274F9D3AF5F1C71F9F3265CABBEFBE2B5B0E1C386076E8D5ABD7B163C7DE79E79DE1C387474545B56EDDDA79750AF9C73FFE3177EEDCFD86060D1A988DCF3EFB6CCE9C39EEEF222964D1A2459242249D7C6578EFBDF7023B8588679F7D56CE7FF3E6CD551F088000C1FBAC26528865949E422449FCF2CB2F999999595959172F5E6CD9B2A5ACA52D5BB2B3B3E5D9EDDBB79B614252484E4E8E648879F3E6398D14E2FE4D5D4F4D9A3429B951424CE5CA9567CF9E2D29E4A38F3E3A62D8B06143585858398DD24FA5A5A5C9F90FD4CFBE005082F7599DA4100B293D85242424F4EDDB37282868D4A85121212123468C90F5C89123870E1D6ABE05E2347E4DA675EBD613264C48494969D8B0617E7EBE6C74FF124D31F2AFFF921BF7EFDF6FFE52EEC2850B972D5B260D893EF5EBD75FBA7469790CD1AF69FE3BFD007C81F75999582DA37C5F05F3F2F2CC86C488828282921D0E1F3E5CFA97DB6C36B35DF24FAC069EC8C8C8FFF88FFFD8B2658BEA03011050789F95146219FC5B5C15091FBFFBDDEF56AC5C294144C3DFE607E0539ACFED5A0FDE5A34AF5455CC081211F143BECDFEC30F9B0822006ED1DEBD7BC78E1DDBB469D3A79E7AAA7AF5EA77DF7DB7ACA52D5B64BBF9D79BF4C10B9B6554AC58F19A3F3A81EF78461073218800B839595959A1A1A1FFF99FFF59F2EF9515237DA4A7F9F7DD031E29C4322A57AE7CEEDC39D547A1919211C41D44643B9F1101E0A5BCBCBC99336756AD5AF586F9C393F497AF727F862F5091422CA3468D1AA9A9A9AA8F4217D78B20E622DBF9B02A006F6464643CF5D4539EF142668F4E9D3A7DB5784974744C5AFA898B972ECB5ADAB2A543870EF2AC67E7BA75EBCA1E540FC28748219651A74E9DB8B838D547A185D2230841048097A2A3A3AB57AFEE8E140F3FFCF0E2254B7372F34A995BE459E953B3664DF757C91E643FAA87E22BA410CB68DDBAF5A2458B541F45E0F32682104400DC9044874A952A9949E2EEBBEF9E3163C6A5CB39379C58CC457A4E9FFEBE7C95F9E5B29F400D22A410CB98397366AF5EBD541F4580F33E8210440094222323C3FD2E48B56AD5366FDEE2E5ACE2B9C857B93F4D227B0BC81FCD90422C233636F6B1C71E537D1481ACAC11842002E09AF2F2F2DC9F05910892947CF8262288B9C8D7BA8348DDBA7503EFC3AAA410CBB0D96CF7DF7FFFFEFDFB551F48602A19414E9FF9A994A9C1F3598208004F3367CE74FF20E6E6DE0529F68EC85D77DD65EE50F6AC7A70E58C146225D3A64D6BDFBEBDEAA308402523484868A864BE438949D79C1464BB3C2B7D0822008AC9CACA72FF9ECB8C19336E318298CBF4E9EFBB7F7D37C0FE8E0829C44A4E9F3E2D2F96E67F4D87F272CD0862DEF0D70C226604313B1044001413121262CE0F7FFAD39FBCFF386AE98BECC7FD5B33A1A1A1AA87589E482116F3D5575F492D06581656A8940872CD20E219410822004A72FF75D4C54B96964B043117D99BB95BD9BFEA2196275288F5F4EDDBF789279E2088DCBA6B7E16A458C8F00C22252388F92C9F110160DAB3678F3933C83C50FADF0529EB227B93F9CADC7920FD5F33A410EB292828E8D4A9D3DD77DFCD8F666EC5F57E23E67A51237CFD8652028AE74210010298CD669B3A75EA82050B3233334B3E3B76EC5873729059BA1C2388B974E8D0C1DCB97C97DB3F701F218558D5575F7D252FA2EDDBB7E7B7666E42E9BF947BCD2052B162456F22084104086C2B57AE3467803BEFBC73F0E0C1C57E75B669D3A6E6B35F2D5E52EE2944F669EE5CBE8BAAE1973B5288859D3E7D7ADAB469F25AF8D8638FF5EAD56BD1A245717171A9A9A9E7CE9DE37FDF2D85377F17E49A41C4CB084210010258565696FBDF24D2A852A5CA9A356BDCCFBAFF4C4874744CB9A710D9A7B973F92E0ACF40F92285589ECD668B8D8D9D397366EBD6ADEBD4A953A3468DCA952B97FC873B4CDEFF69B25282C80D230841040860B56AD5F29C10EEBCF3CE679F7D362D2D4D9E72FFBDD4B4F413E59E42649FE6CEE5BBA83E07E5861402BD94E9AFA386AFDF5032CFC916D9EEE51E7EF861930411F78F8A010436F7FFFC72F1D2E5724F21B24FF777513D95961B5208F41219192941E4FB8808DE0B815AC78E1DEBDAB5AB34F619A2A2A2DE7CF3CDC4C4C4DDBB776764649C3B77EEADB7DEEAD7AFDFF0E1C3434242E41FDFA3478F0E0E0E1E387060C78E1DCDCF457EFFFDF78D1B37FEF0C30FA55BDFBE7D6BD7AE2D7D828282BA75EB76F2E4C98B172FB66FDFFED1471F9D376FDED1A3479B356BB6BAC8ABAFBEAA7AF4D656B97265732AA854A9929CE4871E7AA8458B16BC1772734821D08E374184CF85C0D77AF7EE7DEAD4A9AFBFFE5AB2C5279F7C3273E6CCE79F7F7ECE9C39922A76EDDAE534FE2F92E4E4E413274EFCF8E38FAFBDF69A7496F6E1C387737272DC3BF9E5975F1C0E477E7E7E8F1E3D6C365B7A7ABAB43DBFCBE0C18325D048A373E7CEEE8DFC09E65BE1FE5DDC860D1BBEF2CA2B356BD60C0F0F773FCBE742CA8A14021D951E44F81D19F8DA860D1B1E7FFCF1912347366BD6CC4C159215CCB746DC4E9F3EFDDC73CFFDC3F0C4134F988D175F7CF1C89123F26C4242C2B061C3B2B3B3A53D7AF4E8C4C44469C4C4C4C84ECC0FA7C7C7C7F7E9D3A776EDDA7DFBF6FDF8E38F9B376F2EDD42434365CD7B21B7222222A282F11FCBDD73CF3D13274EE477646E1129049A922052A54A15FE5E0894B878F1E28F3FFE387CF8F0E4E4E4D9B36777EBD66DD0A041DDBB771F3060409B366D4E9D3A257D323333BB74E962F66FD1A285D9E8DFBFFFF1E3C7CD76747474BF7EFD366DDAF4CC33CF4863E8D0A1126B24798C1933C6FD8DFEFCE73F474545C9B73B7CF8F08913274E9E3C29EB9494940B172EDCD601079675EBD6CD9A35EBECD9B3259F727F08AC43870EE59E42F87B214040E16FA742A1AD5BB77EF6D967D2B87CF9727C7CFCFEFDFB0F1C3890909090949464763873E64C93264D8283835F7FFDF5471E79448248505050A3468D525353DD3B3976EC98C3E158B162C5D1A3473FF8E003F9922FBEF842DAE6B36BD6AC917FB277EDDA75E9D2A53366CC90174E793867CE9C8F3EFAE8D0A143B77FC83AD8BB77AF3933F0B753BD440A81D6F87F64A0C48913271E7CF0C1BE7DFBF6EAD54B6287648B7F1669D5AA9567CFC8C8C88913274A0491E8F0F5D75F17DB8F6CBF74E9D2D0A14365875DBA74397DFA74585898F9547676769B366D060D1A94919171FCF8F1B8B8B883070FBEF6DA6B92756262626ED338B5E4EBFF47E6BFFEEBBF540FB13C9142A03BFE4F5D2861B7DB1D0EC7FEFDFB25130C1B36CCBDBD43870EEEF6CA952BBB77EF2EDDCC9FC88484844C9E3C59BED07C363C3CFC1FFFF887D3F8B4697E7EFE3BEFBC2329C4FDE398458B166DDFBEDDFDE9D479F3E67DF5D557CF3DF7DC92254BE6CE9D7BBB46A9A3D0A209A466CD9AFC9FBA37440A01AE1D444AF9F0A919448820B869870E1DAA57AF9E048E69D3A6EDD8B1E36F7FFBDBBB455AB76E2D1D121313DBB56B3761C204F3A3A6EE4F232E5CB8F0AF7FFD6B5454546E6E6E83060DF2F2F2525353DBB469E3347E0BE6CC9933F21225E964DDBA7566FF8103079E3D7B56D2C9C993273333339B376F2E6B699B1F3D812F64656555AD5AD54C0CD3A7BF5F2E2944F663EE50F61C60FF9529290470B9E667444A9914F82C086E85C3E170BFA5218163F8F0E1E78BF4EEDD5B36FEF4D34F070E1C70F77FFEF9E7DD6DC910D22D363676CE9C39090909F5EBD7CFC8C890EDC3860DCBCFCF6FD9B2A5E418738BE8DEBDFB891327962C5922F9E6FDF7DF9F316386ACA5BD68D1A2DB375AFDCC9C39D30C0D77DF7DF7E6CD5B6E3182C81EEEBAEB2E7387B267D5832B67A410A090F77FDCDD732182E036707FE0B424779AB9A6D3A74F17FB0B22B80DF2F2F2DC7F38A46AD5AA49C9876F3A82C8D7BADF59A95BB76EB15F0C0E00A410E08AB206112208806BCAC8C870FF1D55891137F78E887C953B82C8DEDC6F71051252087015EF830811044029A2A3A32B55AA646688BBEEBA6BFAF4F7BDFFB0AAF494FEEE1FC4C87E646FAA07E413A410A0386F82081104C00D497470BF23221E7EF8E1C54B9696FE7744E459E9E3FE8D18F35D90408D204E5208704DA507112208002F656464D4AD5BD7F38F0CC9DCD2A14387AF162F898E8E494B3F71F1D265594B5BB6C876F79F26737F1624207F10E3460A01AEED7A41840802A04CF2F2F266CE9CE9FE848797A4BF7C55E07D1CB5185208705D2583081104C0CDC9CACA0A0D0D75FF65D552481FE919607F17E47A482140693C83081104C0ADDBB367CFD8B1639B366DFAD4534F55AF5EFDEEBBEF96B5B4658B6C9767551FE06D450A016EC00C222B56AE24820040F922850037161919291144D6AA0F0400020A29040000A8410A0100006A90420000801AA4100000A00629040000A8410A0100006A90420000801AA4100000A00629040000A8410A0100006A90420000801AA4100000A00629040000A8410A0100006A90420000801AA4100000A00629040000A8410A0100006A90420000801AA4100000A00629040000A8410A0100006A90420000801AA4100000A00629040000A8410A0100006A90420000801AA4100000A00629040000A8410A0100006A90420000801AA4100000A00629040000A8410A0100006A90420000801AA4100000A00629040000A8410A0100006A90420000801AA4100000A00629040000A8410A0100006A90420000801AA4100000A00629040000A8410A0100006A90420000801AA4100000A00629040000A8410A0100006A90420000801AA4100000A00629040000A8410A0100006A90420000801AA4100000A00629040000A8410A0100006A90420000801AA4100000A00629040000A8410A0100006A90420000801AA4100000A00629040000A8410A0100006A90420000801AA4100000A00629040000A8410A0100006A90420000801AA4100000A00629040000A8410A0100006A90420000801AA4100000A00629040000A8410A0100006A90420000801AA4100000A00629040000A8410A0100006A90420000801AA4100000A00629040000A8410A0100006A90420000801AA4100000A00629040000A8410A0100006A90420000801AA4100000A00629040000A8410A0100006A90420000801AA4100000A00629040000A8410A0100006A90420000801AA4100000A00629040000A8410A0100006A90420000801AA4100000A00629040000A8410A0100006A90420000801AA4100000A00629040000A8410A0100006A90420000801AA4100000A00629040000A8410A0100006A90420000801AA4100000A00629040000A8410A0100006A90420000801AA4100000A00629040000A8410A0100006A90420000801AA4100000A00629040000A8410A0100006A90420000801AA4100000A00629040000A8410A0100006A90420000801AA4100000A00629040000A8410A0100006A90420000801AA4100000A00629040000A8410A0100006A90420000801AA4100000A00629040000A8410A0100006A90420000801AA4100000A00629040000A8410A0100006A90420000801AA4100000A00629040000A8410A0100006A90420000801AA4100000A00629040000A8410A0100006A90420000801AA4100000A00629040000A8410A0100006A90420000801AA4100000A00629040000A8410A0100006A90420000801AA4100000A00629040000A8410A0100006A90420000801AA4100000A00629040000A8410A0100006A90420000801AA4100000A00629040000A8410A0100006A90420000801AA4100000A00629040000A8410A0100006A90420000801AA4100000A00629040000A8410A0100006A90420000801AA4100000A00629040000A8410A0100006A90420000801AA4100000A00629040000A8410A0100006A90420000801AA4100000A00629040000A8410A0100006A90420000801AA4100000A00629040000A8410A0100006A90420000801AA4100000A00629040000A8410A0100006A90420000801AA4100000A00629040000A8410A0100006A90420000801AA4100000A00629040000A8410A0100006A90420000801AA4100000A00629040000A8410A0100006A90420000801AA4100000A00629040000A8410A0100006A90420000801AA4100000A00629040000A8410A0100006A90420000801AA4100000A00629040000A8410A0100006A90420000801AA4100000A00629040000A8410A0100006A90420000801AA4100000A00629040000A8410A0100006A90420000801AA4100000A00629040000A8410A0100006A90420000801AA4100000A00629040000A8410A0100006A90420000801AA4100000A00629E4FFB75BC7020000000083FCAD87B1A72802001E1602003C2C040078580800F0B01000E0612100C0C3420080878500000F0B01001E1602003C2C040078580800F0B01000E0612100C0C3420080878500000F0B01001E011D41F67746E1A4340000000049454E44AE426082, '0');
INSERT INTO `act_ge_bytearray` VALUES ('3', '1', 'leave/leave.bpmn', '1', 0x3C3F786D6C2076657273696F6E3D22312E302220656E636F64696E673D225554462D38223F3E0D0A3C646566696E6974696F6E7320786D6C6E733D22687474703A2F2F7777772E6F6D672E6F72672F737065632F42504D4E2F32303130303532342F4D4F44454C220D0A09786D6C6E733A7873693D22687474703A2F2F7777772E77332E6F72672F323030312F584D4C536368656D612D696E7374616E63652220786D6C6E733A61637469766974693D22687474703A2F2F61637469766974692E6F72672F62706D6E220D0A09786D6C6E733A62706D6E64693D22687474703A2F2F7777772E6F6D672E6F72672F737065632F42504D4E2F32303130303532342F44492220786D6C6E733A6F6D6764633D22687474703A2F2F7777772E6F6D672E6F72672F737065632F44442F32303130303532342F4443220D0A09786D6C6E733A6F6D6764693D22687474703A2F2F7777772E6F6D672E6F72672F737065632F44442F32303130303532342F44492220747970654C616E67756167653D22687474703A2F2F7777772E77332E6F72672F323030312F584D4C536368656D61220D0A0965787072657373696F6E4C616E67756167653D22687474703A2F2F7777772E77332E6F72672F313939392F585061746822207461726765744E616D6573706163653D22687474703A2F2F7777772E7267756573732E6F72672F64656D6F2F61637469766974692F6C65617665223E0D0A093C70726F636573732069643D226C6561766522206E616D653D22E8AFB7E58187E6B581E7A88B223E0D0A09093C646F63756D656E746174696F6E3EE8AFB7E58187E6B581E7A88BE6BC94E7A4BA3C2F646F63756D656E746174696F6E3E0D0A09093C73746172744576656E742069643D2273746172746576656E743122206E616D653D225374617274220D0A09090961637469766974693A696E69746961746F723D226170706C79557365724964223E3C2F73746172744576656E743E0D0A09093C757365725461736B2069643D22646570744C6561646572417564697422206E616D653D22E983A8E997A8E9A286E5AFBCE5AEA1E689B9220D0A09090961637469766974693A63616E64696461746547726F7570733D22646570744C6561646572223E3C2F757365725461736B3E0D0A09093C6578636C7573697665476174657761792069643D226578636C7573697665676174657761793522206E616D653D224578636C75736976652047617465776179223E3C2F6578636C7573697665476174657761793E0D0A09093C757365725461736B2069643D226D6F646966794170706C7922206E616D653D22E8B083E695B4E794B3E8AFB7222061637469766974693A61737369676E65653D22247B6170706C795573657249647D223E0D0A0909093C657874656E73696F6E456C656D656E74733E0D0A090909093C61637469766974693A7461736B4C697374656E6572206576656E743D22636F6D706C657465220D0A090909090964656C656761746545787072657373696F6E3D22247B61667465724D6F646966794170706C79436F6E74656E7450726F636573736F727D223E3C2F61637469766974693A7461736B4C697374656E65723E0D0A0909093C2F657874656E73696F6E456C656D656E74733E0D0A09093C2F757365725461736B3E0D0A09093C757365725461736B2069643D226872417564697422206E616D653D22E4BABAE4BA8BE5AEA1E689B9222061637469766974693A63616E64696461746547726F7570733D226872223E3C2F757365725461736B3E0D0A09093C6578636C7573697665476174657761792069643D226578636C7573697665676174657761793622206E616D653D224578636C75736976652047617465776179223E3C2F6578636C7573697665476174657761793E0D0A09093C757365725461736B2069643D227265706F72744261636B22206E616D653D22E99480E58187222061637469766974693A61737369676E65653D22247B6170706C795573657249647D223E0D0A0909093C657874656E73696F6E456C656D656E74733E0D0A090909093C61637469766974693A7461736B4C697374656E6572206576656E743D22636F6D706C657465220D0A090909090964656C656761746545787072657373696F6E3D22247B7265706F72744261636B456E6450726F636573736F727D223E3C2F61637469766974693A7461736B4C697374656E65723E0D0A0909093C2F657874656E73696F6E456C656D656E74733E0D0A09093C2F757365725461736B3E0D0A09093C656E644576656E742069643D22656E646576656E743122206E616D653D22456E64223E3C2F656E644576656E743E0D0A09093C6578636C7573697665476174657761792069643D226578636C7573697665676174657761793722206E616D653D224578636C75736976652047617465776179223E3C2F6578636C7573697665476174657761793E0D0A09093C73657175656E6365466C6F772069643D22666C6F773222206E616D653D222220736F757263655265663D2273746172746576656E7431220D0A0909097461726765745265663D22646570744C65616465724175646974223E3C2F73657175656E6365466C6F773E0D0A09093C73657175656E6365466C6F772069643D22666C6F773322206E616D653D222220736F757263655265663D22646570744C65616465724175646974220D0A0909097461726765745265663D226578636C75736976656761746577617935223E3C2F73657175656E6365466C6F773E0D0A09093C73657175656E6365466C6F772069643D22666C6F773422206E616D653D22E4B88DE5908CE6848F2220736F757263655265663D226578636C75736976656761746577617935220D0A0909097461726765745265663D226D6F646966794170706C79223E0D0A0909093C636F6E646974696F6E45787072657373696F6E207873693A747970653D2274466F726D616C45787072657373696F6E223E3C215B43444154415B247B21646570744C6561646572506173737D5D5D3E3C2F636F6E646974696F6E45787072657373696F6E3E0D0A09093C2F73657175656E6365466C6F773E0D0A09093C73657175656E6365466C6F772069643D22666C6F773522206E616D653D22E5908CE6848F2220736F757263655265663D226578636C75736976656761746577617935220D0A0909097461726765745265663D2268724175646974223E0D0A0909093C636F6E646974696F6E45787072657373696F6E207873693A747970653D2274466F726D616C45787072657373696F6E223E3C215B43444154415B247B646570744C6561646572506173737D5D5D3E3C2F636F6E646974696F6E45787072657373696F6E3E0D0A09093C2F73657175656E6365466C6F773E0D0A09093C73657175656E6365466C6F772069643D22666C6F773622206E616D653D222220736F757263655265663D2268724175646974220D0A0909097461726765745265663D226578636C75736976656761746577617936223E3C2F73657175656E6365466C6F773E0D0A09093C73657175656E6365466C6F772069643D22666C6F773722206E616D653D22E5908CE6848F2220736F757263655265663D226578636C75736976656761746577617936220D0A0909097461726765745265663D227265706F72744261636B223E0D0A0909093C636F6E646974696F6E45787072657373696F6E207873693A747970653D2274466F726D616C45787072657373696F6E223E3C215B43444154415B247B6872506173737D5D5D3E3C2F636F6E646974696F6E45787072657373696F6E3E0D0A09093C2F73657175656E6365466C6F773E0D0A09093C73657175656E6365466C6F772069643D22666C6F773822206E616D653D222220736F757263655265663D227265706F72744261636B220D0A0909097461726765745265663D22656E646576656E7431223E3C2F73657175656E6365466C6F773E0D0A09093C73657175656E6365466C6F772069643D22666C6F773922206E616D653D22E4B88DE5908CE6848F2220736F757263655265663D226578636C75736976656761746577617936220D0A0909097461726765745265663D226D6F646966794170706C79223E0D0A0909093C636F6E646974696F6E45787072657373696F6E207873693A747970653D2274466F726D616C45787072657373696F6E223E3C215B43444154415B247B216872506173737D5D5D3E3C2F636F6E646974696F6E45787072657373696F6E3E0D0A09093C2F73657175656E6365466C6F773E0D0A09093C73657175656E6365466C6F772069643D22666C6F77313022206E616D653D22E9878DE696B0E794B3E8AFB72220736F757263655265663D226578636C75736976656761746577617937220D0A0909097461726765745265663D22646570744C65616465724175646974223E0D0A0909093C636F6E646974696F6E45787072657373696F6E207873693A747970653D2274466F726D616C45787072657373696F6E223E3C215B43444154415B247B72654170706C797D5D5D3E3C2F636F6E646974696F6E45787072657373696F6E3E0D0A09093C2F73657175656E6365466C6F773E0D0A09093C73657175656E6365466C6F772069643D22666C6F77313122206E616D653D222220736F757263655265663D226D6F646966794170706C79220D0A0909097461726765745265663D226578636C75736976656761746577617937223E3C2F73657175656E6365466C6F773E0D0A09093C73657175656E6365466C6F772069643D22666C6F77313222206E616D653D22E7BB93E69D9FE6B581E7A88B2220736F757263655265663D226578636C75736976656761746577617937220D0A0909097461726765745265663D22656E646576656E7431223E0D0A0909093C636F6E646974696F6E45787072657373696F6E207873693A747970653D2274466F726D616C45787072657373696F6E223E3C215B43444154415B247B2172654170706C797D5D5D3E3C2F636F6E646974696F6E45787072657373696F6E3E0D0A09093C2F73657175656E6365466C6F773E0D0A093C2F70726F636573733E0D0A093C62706D6E64693A42504D4E4469616772616D2069643D2242504D4E4469616772616D5F6C65617665223E0D0A09093C62706D6E64693A42504D4E506C616E652062706D6E456C656D656E743D226C65617665222069643D2242504D4E506C616E655F6C65617665223E0D0A0909093C62706D6E64693A42504D4E53686170652062706D6E456C656D656E743D2273746172746576656E7431220D0A0909090969643D2242504D4E53686170655F73746172746576656E7431223E0D0A090909093C6F6D6764633A426F756E6473206865696768743D223335222077696474683D2233352220783D2231302220793D223930223E3C2F6F6D6764633A426F756E64733E0D0A0909093C2F62706D6E64693A42504D4E53686170653E0D0A0909093C62706D6E64693A42504D4E53686170652062706D6E456C656D656E743D22646570744C65616465724175646974220D0A0909090969643D2242504D4E53686170655F646570744C65616465724175646974223E0D0A090909093C6F6D6764633A426F756E6473206865696768743D223535222077696474683D223130352220783D2239302220793D223830223E3C2F6F6D6764633A426F756E64733E0D0A0909093C2F62706D6E64693A42504D4E53686170653E0D0A0909093C62706D6E64693A42504D4E53686170652062706D6E456C656D656E743D226578636C75736976656761746577617935220D0A0909090969643D2242504D4E53686170655F6578636C75736976656761746577617935223E0D0A090909093C6F6D6764633A426F756E6473206865696768743D223430222077696474683D2234302220783D223235302220793D223837223E3C2F6F6D6764633A426F756E64733E0D0A0909093C2F62706D6E64693A42504D4E53686170653E0D0A0909093C62706D6E64693A42504D4E53686170652062706D6E456C656D656E743D226D6F646966794170706C79220D0A0909090969643D2242504D4E53686170655F6D6F646966794170706C79223E0D0A090909093C6F6D6764633A426F756E6473206865696768743D223535222077696474683D223130352220783D223231382220793D22313930223E3C2F6F6D6764633A426F756E64733E0D0A0909093C2F62706D6E64693A42504D4E53686170653E0D0A0909093C62706D6E64693A42504D4E53686170652062706D6E456C656D656E743D2268724175646974222069643D2242504D4E53686170655F68724175646974223E0D0A090909093C6F6D6764633A426F756E6473206865696768743D223535222077696474683D223130352220783D223335382220793D223830223E3C2F6F6D6764633A426F756E64733E0D0A0909093C2F62706D6E64693A42504D4E53686170653E0D0A0909093C62706D6E64693A42504D4E53686170652062706D6E456C656D656E743D226578636C75736976656761746577617936220D0A0909090969643D2242504D4E53686170655F6578636C75736976656761746577617936223E0D0A090909093C6F6D6764633A426F756E6473206865696768743D223430222077696474683D2234302220783D223439352220793D223837223E3C2F6F6D6764633A426F756E64733E0D0A0909093C2F62706D6E64693A42504D4E53686170653E0D0A0909093C62706D6E64693A42504D4E53686170652062706D6E456C656D656E743D227265706F72744261636B222069643D2242504D4E53686170655F7265706F72744261636B223E0D0A090909093C6F6D6764633A426F756E6473206865696768743D223535222077696474683D223130352220783D223539302220793D223830223E3C2F6F6D6764633A426F756E64733E0D0A0909093C2F62706D6E64693A42504D4E53686170653E0D0A0909093C62706D6E64693A42504D4E53686170652062706D6E456C656D656E743D22656E646576656E7431222069643D2242504D4E53686170655F656E646576656E7431223E0D0A090909093C6F6D6764633A426F756E6473206865696768743D223335222077696474683D2233352220783D223632352220793D22323833223E3C2F6F6D6764633A426F756E64733E0D0A0909093C2F62706D6E64693A42504D4E53686170653E0D0A0909093C62706D6E64693A42504D4E53686170652062706D6E456C656D656E743D226578636C75736976656761746577617937220D0A0909090969643D2242504D4E53686170655F6578636C75736976656761746577617937223E0D0A090909093C6F6D6764633A426F756E6473206865696768743D223430222077696474683D2234302220783D223235302220793D22323830223E3C2F6F6D6764633A426F756E64733E0D0A0909093C2F62706D6E64693A42504D4E53686170653E0D0A0909093C62706D6E64693A42504D4E456467652062706D6E456C656D656E743D22666C6F7732222069643D2242504D4E456467655F666C6F7732223E0D0A090909093C6F6D6764693A776179706F696E7420783D2234352220793D22313037223E3C2F6F6D6764693A776179706F696E743E0D0A090909093C6F6D6764693A776179706F696E7420783D2239302220793D22313037223E3C2F6F6D6764693A776179706F696E743E0D0A0909093C2F62706D6E64693A42504D4E456467653E0D0A0909093C62706D6E64693A42504D4E456467652062706D6E456C656D656E743D22666C6F7733222069643D2242504D4E456467655F666C6F7733223E0D0A090909093C6F6D6764693A776179706F696E7420783D223139352220793D22313037223E3C2F6F6D6764693A776179706F696E743E0D0A090909093C6F6D6764693A776179706F696E7420783D223235302220793D22313037223E3C2F6F6D6764693A776179706F696E743E0D0A0909093C2F62706D6E64693A42504D4E456467653E0D0A0909093C62706D6E64693A42504D4E456467652062706D6E456C656D656E743D22666C6F7734222069643D2242504D4E456467655F666C6F7734223E0D0A090909093C6F6D6764693A776179706F696E7420783D223237302220793D22313237223E3C2F6F6D6764693A776179706F696E743E0D0A090909093C6F6D6764693A776179706F696E7420783D223237302220793D22313930223E3C2F6F6D6764693A776179706F696E743E0D0A090909093C62706D6E64693A42504D4E4C6162656C3E0D0A09090909093C6F6D6764633A426F756E6473206865696768743D223131222077696474683D223130302220783D2231302220793D2230223E3C2F6F6D6764633A426F756E64733E0D0A090909093C2F62706D6E64693A42504D4E4C6162656C3E0D0A0909093C2F62706D6E64693A42504D4E456467653E0D0A0909093C62706D6E64693A42504D4E456467652062706D6E456C656D656E743D22666C6F7735222069643D2242504D4E456467655F666C6F7735223E0D0A090909093C6F6D6764693A776179706F696E7420783D223239302220793D22313037223E3C2F6F6D6764693A776179706F696E743E0D0A090909093C6F6D6764693A776179706F696E7420783D223335382220793D22313037223E3C2F6F6D6764693A776179706F696E743E0D0A090909093C62706D6E64693A42504D4E4C6162656C3E0D0A09090909093C6F6D6764633A426F756E6473206865696768743D223131222077696474683D223130302220783D222D32342220793D222D3137223E3C2F6F6D6764633A426F756E64733E0D0A090909093C2F62706D6E64693A42504D4E4C6162656C3E0D0A0909093C2F62706D6E64693A42504D4E456467653E0D0A0909093C62706D6E64693A42504D4E456467652062706D6E456C656D656E743D22666C6F7736222069643D2242504D4E456467655F666C6F7736223E0D0A090909093C6F6D6764693A776179706F696E7420783D223436332220793D22313037223E3C2F6F6D6764693A776179706F696E743E0D0A090909093C6F6D6764693A776179706F696E7420783D223439352220793D22313037223E3C2F6F6D6764693A776179706F696E743E0D0A0909093C2F62706D6E64693A42504D4E456467653E0D0A0909093C62706D6E64693A42504D4E456467652062706D6E456C656D656E743D22666C6F7737222069643D2242504D4E456467655F666C6F7737223E0D0A090909093C6F6D6764693A776179706F696E7420783D223533352220793D22313037223E3C2F6F6D6764693A776179706F696E743E0D0A090909093C6F6D6764693A776179706F696E7420783D223539302220793D22313037223E3C2F6F6D6764693A776179706F696E743E0D0A090909093C62706D6E64693A42504D4E4C6162656C3E0D0A09090909093C6F6D6764633A426F756E6473206865696768743D223131222077696474683D223130302220783D222D32322220793D222D3137223E3C2F6F6D6764633A426F756E64733E0D0A090909093C2F62706D6E64693A42504D4E4C6162656C3E0D0A0909093C2F62706D6E64693A42504D4E456467653E0D0A0909093C62706D6E64693A42504D4E456467652062706D6E456C656D656E743D22666C6F7738222069643D2242504D4E456467655F666C6F7738223E0D0A090909093C6F6D6764693A776179706F696E7420783D223634322220793D22313335223E3C2F6F6D6764693A776179706F696E743E0D0A090909093C6F6D6764693A776179706F696E7420783D223634322220793D22323833223E3C2F6F6D6764693A776179706F696E743E0D0A0909093C2F62706D6E64693A42504D4E456467653E0D0A0909093C62706D6E64693A42504D4E456467652062706D6E456C656D656E743D22666C6F7739222069643D2242504D4E456467655F666C6F7739223E0D0A090909093C6F6D6764693A776179706F696E7420783D223531352220793D22313237223E3C2F6F6D6764693A776179706F696E743E0D0A090909093C6F6D6764693A776179706F696E7420783D223531342220793D22323137223E3C2F6F6D6764693A776179706F696E743E0D0A090909093C6F6D6764693A776179706F696E7420783D223332332220793D22323137223E3C2F6F6D6764693A776179706F696E743E0D0A090909093C62706D6E64693A42504D4E4C6162656C3E0D0A09090909093C6F6D6764633A426F756E6473206865696768743D223131222077696474683D223130302220783D2231302220793D2230223E3C2F6F6D6764633A426F756E64733E0D0A090909093C2F62706D6E64693A42504D4E4C6162656C3E0D0A0909093C2F62706D6E64693A42504D4E456467653E0D0A0909093C62706D6E64693A42504D4E456467652062706D6E456C656D656E743D22666C6F773130222069643D2242504D4E456467655F666C6F773130223E0D0A090909093C6F6D6764693A776179706F696E7420783D223235302220793D22333030223E3C2F6F6D6764693A776179706F696E743E0D0A090909093C6F6D6764693A776179706F696E7420783D223134322220793D22323939223E3C2F6F6D6764693A776179706F696E743E0D0A090909093C6F6D6764693A776179706F696E7420783D223134322220793D22313335223E3C2F6F6D6764693A776179706F696E743E0D0A090909093C62706D6E64693A42504D4E4C6162656C3E0D0A09090909093C6F6D6764633A426F756E6473206865696768743D223131222077696474683D223130302220783D2231302220793D2230223E3C2F6F6D6764633A426F756E64733E0D0A090909093C2F62706D6E64693A42504D4E4C6162656C3E0D0A0909093C2F62706D6E64693A42504D4E456467653E0D0A0909093C62706D6E64693A42504D4E456467652062706D6E456C656D656E743D22666C6F773131222069643D2242504D4E456467655F666C6F773131223E0D0A090909093C6F6D6764693A776179706F696E7420783D223237302220793D22323435223E3C2F6F6D6764693A776179706F696E743E0D0A090909093C6F6D6764693A776179706F696E7420783D223237302220793D22323830223E3C2F6F6D6764693A776179706F696E743E0D0A0909093C2F62706D6E64693A42504D4E456467653E0D0A0909093C62706D6E64693A42504D4E456467652062706D6E456C656D656E743D22666C6F773132222069643D2242504D4E456467655F666C6F773132223E0D0A090909093C6F6D6764693A776179706F696E7420783D223239302220793D22333030223E3C2F6F6D6764693A776179706F696E743E0D0A090909093C6F6D6764693A776179706F696E7420783D223632352220793D22333030223E3C2F6F6D6764693A776179706F696E743E0D0A090909093C62706D6E64693A42504D4E4C6162656C3E0D0A09090909093C6F6D6764633A426F756E6473206865696768743D223131222077696474683D223130302220783D2231302220793D2230223E3C2F6F6D6764633A426F756E64733E0D0A090909093C2F62706D6E64693A42504D4E4C6162656C3E0D0A0909093C2F62706D6E64693A42504D4E456467653E0D0A09093C2F62706D6E64693A42504D4E506C616E653E0D0A093C2F62706D6E64693A42504D4E4469616772616D3E0D0A3C2F646566696E6974696F6E733E, '0');

-- ----------------------------
-- Table structure for act_ge_property
-- ----------------------------
DROP TABLE IF EXISTS `act_ge_property`;
CREATE TABLE `act_ge_property` (
  `NAME_` varchar(64) COLLATE utf8_bin NOT NULL DEFAULT '',
  `VALUE_` varchar(300) COLLATE utf8_bin DEFAULT NULL,
  `REV_` int(11) DEFAULT NULL,
  PRIMARY KEY (`NAME_`)
) ENGINE=InnoDB DEFAULT CHARSET=utf8 COLLATE=utf8_bin;

-- ----------------------------
-- Records of act_ge_property
-- ----------------------------
INSERT INTO `act_ge_property` VALUES ('next.dbid', '1101', '12');
INSERT INTO `act_ge_property` VALUES ('schema.history', 'create(5.14)', '1');
INSERT INTO `act_ge_property` VALUES ('schema.version', '5.14', '1');

-- ----------------------------
-- Table structure for act_hi_actinst
-- ----------------------------
DROP TABLE IF EXISTS `act_hi_actinst`;
CREATE TABLE `act_hi_actinst` (
  `ID_` varchar(64) COLLATE utf8_bin NOT NULL,
  `PROC_DEF_ID_` varchar(64) COLLATE utf8_bin NOT NULL,
  `PROC_INST_ID_` varchar(64) COLLATE utf8_bin NOT NULL,
  `EXECUTION_ID_` varchar(64) COLLATE utf8_bin NOT NULL,
  `ACT_ID_` varchar(255) COLLATE utf8_bin NOT NULL,
  `TASK_ID_` varchar(64) COLLATE utf8_bin DEFAULT NULL,
  `CALL_PROC_INST_ID_` varchar(64) COLLATE utf8_bin DEFAULT NULL,
  `ACT_NAME_` varchar(255) COLLATE utf8_bin DEFAULT NULL,
  `ACT_TYPE_` varchar(255) COLLATE utf8_bin NOT NULL,
  `ASSIGNEE_` varchar(255) COLLATE utf8_bin DEFAULT NULL,
  `START_TIME_` datetime NOT NULL,
  `END_TIME_` datetime DEFAULT NULL,
  `DURATION_` bigint(20) DEFAULT NULL,
  PRIMARY KEY (`ID_`),
  KEY `ACT_IDX_HI_ACT_INST_START` (`START_TIME_`),
  KEY `ACT_IDX_HI_ACT_INST_END` (`END_TIME_`),
  KEY `ACT_IDX_HI_ACT_INST_PROCINST` (`PROC_INST_ID_`,`ACT_ID_`),
  KEY `ACT_IDX_HI_ACT_INST_EXEC` (`EXECUTION_ID_`,`ACT_ID_`)
) ENGINE=InnoDB DEFAULT CHARSET=utf8 COLLATE=utf8_bin;

-- ----------------------------
-- Records of act_hi_actinst
-- ----------------------------
INSERT INTO `act_hi_actinst` VALUES ('1005', 'leave:1:4', '1001', '1001', 'startevent1', null, null, 'Start', 'startEvent', null, '2014-04-05 23:18:38', '2014-04-05 23:18:38', '66');
INSERT INTO `act_hi_actinst` VALUES ('1008', 'leave:1:4', '1001', '1001', 'deptLeaderAudit', '1009', null, '部门领导审批', 'userTask', 'depman', '2014-04-05 23:18:38', '2014-04-05 23:20:48', '130809');
INSERT INTO `act_hi_actinst` VALUES ('1014', 'leave:1:4', '1001', '1001', 'exclusivegateway5', null, null, 'Exclusive Gateway', 'exclusiveGateway', null, '2014-04-05 23:20:48', '2014-04-05 23:20:48', '1');
INSERT INTO `act_hi_actinst` VALUES ('1015', 'leave:1:4', '1001', '1001', 'hrAudit', '1016', null, '人事审批', 'userTask', 'user2', '2014-04-05 23:20:48', '2014-04-05 23:23:50', '182132');
INSERT INTO `act_hi_actinst` VALUES ('1021', 'leave:1:4', '1001', '1001', 'exclusivegateway6', null, null, 'Exclusive Gateway', 'exclusiveGateway', null, '2014-04-05 23:23:50', '2014-04-05 23:23:50', '0');
INSERT INTO `act_hi_actinst` VALUES ('1022', 'leave:1:4', '1001', '1001', 'modifyApply', '1023', null, '调整申请', 'userTask', 'admin', '2014-04-05 23:23:50', '2014-04-05 23:29:50', '360885');
INSERT INTO `act_hi_actinst` VALUES ('1026', 'leave:1:4', '1001', '1001', 'exclusivegateway7', null, null, 'Exclusive Gateway', 'exclusiveGateway', null, '2014-04-05 23:29:50', '2014-04-05 23:29:50', '0');
INSERT INTO `act_hi_actinst` VALUES ('1027', 'leave:1:4', '1001', '1001', 'deptLeaderAudit', '1028', null, '部门领导审批', 'userTask', null, '2014-04-05 23:29:50', null, null);
INSERT INTO `act_hi_actinst` VALUES ('103', 'leave:1:4', '15', '15', 'exclusivegateway5', null, null, 'Exclusive Gateway', 'exclusiveGateway', null, '2014-03-24 14:59:34', '2014-03-24 14:59:34', '3');
INSERT INTO `act_hi_actinst` VALUES ('104', 'leave:1:4', '15', '15', 'hrAudit', '105', null, '人事审批', 'userTask', 'user2', '2014-03-24 14:59:34', '2014-03-24 21:04:20', '21886362');
INSERT INTO `act_hi_actinst` VALUES ('110', 'leave:1:4', '5', '5', 'exclusivegateway5', null, null, 'Exclusive Gateway', 'exclusiveGateway', null, '2014-03-24 15:20:40', '2014-03-24 15:20:40', '0');
INSERT INTO `act_hi_actinst` VALUES ('111', 'leave:1:4', '5', '5', 'modifyApply', '112', null, '调整申请', 'userTask', 'admin', '2014-03-24 15:20:40', '2014-03-25 21:00:49', '106809427');
INSERT INTO `act_hi_actinst` VALUES ('117', 'leave:1:4', '113', '113', 'startevent1', null, null, 'Start', 'startEvent', null, '2014-03-24 15:22:13', '2014-03-24 15:22:13', '0');
INSERT INTO `act_hi_actinst` VALUES ('12', 'leave:1:4', '5', '5', 'deptLeaderAudit', '13', null, '部门领导审批', 'userTask', 'depman', '2014-03-24 09:57:31', '2014-03-24 15:20:40', '19389184');
INSERT INTO `act_hi_actinst` VALUES ('120', 'leave:1:4', '113', '113', 'deptLeaderAudit', '121', null, '部门领导审批', 'userTask', 'depman', '2014-03-24 15:22:13', '2014-03-25 21:03:44', '106891178');
INSERT INTO `act_hi_actinst` VALUES ('19', 'leave:1:4', '15', '15', 'startevent1', null, null, 'Start', 'startEvent', null, '2014-03-24 10:02:04', '2014-03-24 10:02:04', '0');
INSERT INTO `act_hi_actinst` VALUES ('22', 'leave:1:4', '15', '15', 'deptLeaderAudit', '23', null, '部门领导审批', 'userTask', 'depman', '2014-03-24 10:02:04', '2014-03-24 14:59:34', '17850464');
INSERT INTO `act_hi_actinst` VALUES ('303', 'leave:1:4', '15', '15', 'exclusivegateway6', null, null, 'Exclusive Gateway', 'exclusiveGateway', null, '2014-03-24 21:04:20', '2014-03-24 21:04:20', '7');
INSERT INTO `act_hi_actinst` VALUES ('304', 'leave:1:4', '15', '15', 'reportBack', '305', null, '销假', 'userTask', 'depman', '2014-03-24 21:04:20', null, null);
INSERT INTO `act_hi_actinst` VALUES ('703', 'leave:1:4', '5', '5', 'exclusivegateway7', null, null, 'Exclusive Gateway', 'exclusiveGateway', null, '2014-03-25 21:00:49', '2014-03-25 21:00:49', '0');
INSERT INTO `act_hi_actinst` VALUES ('704', 'leave:1:4', '5', '5', 'endevent1', null, null, 'End', 'endEvent', null, '2014-03-25 21:00:49', '2014-03-25 21:00:49', '0');
INSERT INTO `act_hi_actinst` VALUES ('707', 'leave:1:4', '113', '113', 'exclusivegateway5', null, null, 'Exclusive Gateway', 'exclusiveGateway', null, '2014-03-25 21:03:44', '2014-03-25 21:03:44', '0');
INSERT INTO `act_hi_actinst` VALUES ('708', 'leave:1:4', '113', '113', 'modifyApply', '709', null, '调整申请', 'userTask', 'admin', '2014-03-25 21:03:44', '2014-03-25 21:07:18', '214153');
INSERT INTO `act_hi_actinst` VALUES ('712', 'leave:1:4', '113', '113', 'exclusivegateway7', null, null, 'Exclusive Gateway', 'exclusiveGateway', null, '2014-03-25 21:07:18', '2014-03-25 21:07:18', '1');
INSERT INTO `act_hi_actinst` VALUES ('713', 'leave:1:4', '113', '113', 'endevent1', null, null, 'End', 'endEvent', null, '2014-03-25 21:07:18', '2014-03-25 21:07:18', '0');
INSERT INTO `act_hi_actinst` VALUES ('805', 'leave:1:4', '801', '801', 'startevent1', null, null, 'Start', 'startEvent', null, '2014-03-25 21:20:02', '2014-03-25 21:20:02', '23');
INSERT INTO `act_hi_actinst` VALUES ('808', 'leave:1:4', '801', '801', 'deptLeaderAudit', '809', null, '部门领导审批', 'userTask', 'depman', '2014-03-25 21:20:02', '2014-03-25 21:20:47', '45611');
INSERT INTO `act_hi_actinst` VALUES ('814', 'leave:1:4', '801', '801', 'exclusivegateway5', null, null, 'Exclusive Gateway', 'exclusiveGateway', null, '2014-03-25 21:20:47', '2014-03-25 21:20:47', '0');
INSERT INTO `act_hi_actinst` VALUES ('815', 'leave:1:4', '801', '801', 'modifyApply', '816', null, '调整申请', 'userTask', 'admin', '2014-03-25 21:20:47', '2014-03-25 21:21:53', '66536');
INSERT INTO `act_hi_actinst` VALUES ('819', 'leave:1:4', '801', '801', 'exclusivegateway7', null, null, 'Exclusive Gateway', 'exclusiveGateway', null, '2014-03-25 21:21:53', '2014-03-25 21:21:53', '0');
INSERT INTO `act_hi_actinst` VALUES ('820', 'leave:1:4', '801', '801', 'deptLeaderAudit', '821', null, '部门领导审批', 'userTask', 'admin', '2014-03-25 21:21:53', '2014-03-25 21:24:37', '164818');
INSERT INTO `act_hi_actinst` VALUES ('824', 'leave:1:4', '801', '801', 'exclusivegateway5', null, null, 'Exclusive Gateway', 'exclusiveGateway', null, '2014-03-25 21:24:37', '2014-03-25 21:24:37', '0');
INSERT INTO `act_hi_actinst` VALUES ('825', 'leave:1:4', '801', '801', 'hrAudit', '826', null, '人事审批', 'userTask', 'user2', '2014-03-25 21:24:37', '2014-03-25 21:25:09', '32429');
INSERT INTO `act_hi_actinst` VALUES ('831', 'leave:1:4', '801', '801', 'exclusivegateway6', null, null, 'Exclusive Gateway', 'exclusiveGateway', null, '2014-03-25 21:25:09', '2014-03-25 21:25:09', '0');
INSERT INTO `act_hi_actinst` VALUES ('832', 'leave:1:4', '801', '801', 'modifyApply', '833', null, '调整申请', 'userTask', 'admin', '2014-03-25 21:25:09', '2014-03-25 21:31:17', '368446');
INSERT INTO `act_hi_actinst` VALUES ('835', 'leave:1:4', '801', '801', 'exclusivegateway7', null, null, 'Exclusive Gateway', 'exclusiveGateway', null, '2014-03-25 21:31:17', '2014-03-25 21:31:17', '0');
INSERT INTO `act_hi_actinst` VALUES ('836', 'leave:1:4', '801', '801', 'deptLeaderAudit', '837', null, '部门领导审批', 'userTask', 'depman', '2014-03-25 21:31:17', '2014-03-25 21:34:24', '187683');
INSERT INTO `act_hi_actinst` VALUES ('840', 'leave:1:4', '801', '801', 'exclusivegateway5', null, null, 'Exclusive Gateway', 'exclusiveGateway', null, '2014-03-25 21:34:24', '2014-03-25 21:34:24', '0');
INSERT INTO `act_hi_actinst` VALUES ('841', 'leave:1:4', '801', '801', 'hrAudit', '842', null, '人事审批', 'userTask', 'user2', '2014-03-25 21:34:24', '2014-03-25 21:35:43', '79554');
INSERT INTO `act_hi_actinst` VALUES ('845', 'leave:1:4', '801', '801', 'exclusivegateway6', null, null, 'Exclusive Gateway', 'exclusiveGateway', null, '2014-03-25 21:35:43', '2014-03-25 21:35:43', '0');
INSERT INTO `act_hi_actinst` VALUES ('846', 'leave:1:4', '801', '801', 'reportBack', '847', null, '销假', 'userTask', 'admin', '2014-03-25 21:35:43', null, null);
INSERT INTO `act_hi_actinst` VALUES ('9', 'leave:1:4', '5', '5', 'startevent1', null, null, 'Start', 'startEvent', null, '2014-03-24 09:57:30', '2014-03-24 09:57:31', '91');
INSERT INTO `act_hi_actinst` VALUES ('905', 'leave:1:4', '901', '901', 'startevent1', null, null, 'Start', 'startEvent', null, '2014-03-27 13:40:14', '2014-03-27 13:40:14', '7');
INSERT INTO `act_hi_actinst` VALUES ('908', 'leave:1:4', '901', '901', 'deptLeaderAudit', '909', null, '部门领导审批', 'userTask', 'depman', '2014-03-27 13:40:14', null, null);

-- ----------------------------
-- Table structure for act_hi_attachment
-- ----------------------------
DROP TABLE IF EXISTS `act_hi_attachment`;
CREATE TABLE `act_hi_attachment` (
  `ID_` varchar(64) COLLATE utf8_bin NOT NULL,
  `REV_` int(11) DEFAULT NULL,
  `USER_ID_` varchar(255) COLLATE utf8_bin DEFAULT NULL,
  `NAME_` varchar(255) COLLATE utf8_bin DEFAULT NULL,
  `DESCRIPTION_` varchar(4000) COLLATE utf8_bin DEFAULT NULL,
  `TYPE_` varchar(255) COLLATE utf8_bin DEFAULT NULL,
  `TASK_ID_` varchar(64) COLLATE utf8_bin DEFAULT NULL,
  `PROC_INST_ID_` varchar(64) COLLATE utf8_bin DEFAULT NULL,
  `URL_` varchar(4000) COLLATE utf8_bin DEFAULT NULL,
  `CONTENT_ID_` varchar(64) COLLATE utf8_bin DEFAULT NULL,
  PRIMARY KEY (`ID_`)
) ENGINE=InnoDB DEFAULT CHARSET=utf8 COLLATE=utf8_bin;

-- ----------------------------
-- Records of act_hi_attachment
-- ----------------------------

-- ----------------------------
-- Table structure for act_hi_comment
-- ----------------------------
DROP TABLE IF EXISTS `act_hi_comment`;
CREATE TABLE `act_hi_comment` (
  `ID_` varchar(64) COLLATE utf8_bin NOT NULL,
  `TYPE_` varchar(255) COLLATE utf8_bin DEFAULT NULL,
  `TIME_` datetime NOT NULL,
  `USER_ID_` varchar(255) COLLATE utf8_bin DEFAULT NULL,
  `TASK_ID_` varchar(64) COLLATE utf8_bin DEFAULT NULL,
  `PROC_INST_ID_` varchar(64) COLLATE utf8_bin DEFAULT NULL,
  `ACTION_` varchar(255) COLLATE utf8_bin DEFAULT NULL,
  `MESSAGE_` varchar(4000) COLLATE utf8_bin DEFAULT NULL,
  `FULL_MSG_` longblob,
  PRIMARY KEY (`ID_`)
) ENGINE=InnoDB DEFAULT CHARSET=utf8 COLLATE=utf8_bin;

-- ----------------------------
-- Records of act_hi_comment
-- ----------------------------

-- ----------------------------
-- Table structure for act_hi_detail
-- ----------------------------
DROP TABLE IF EXISTS `act_hi_detail`;
CREATE TABLE `act_hi_detail` (
  `ID_` varchar(64) COLLATE utf8_bin NOT NULL,
  `TYPE_` varchar(255) COLLATE utf8_bin NOT NULL,
  `PROC_INST_ID_` varchar(64) COLLATE utf8_bin DEFAULT NULL,
  `EXECUTION_ID_` varchar(64) COLLATE utf8_bin DEFAULT NULL,
  `TASK_ID_` varchar(64) COLLATE utf8_bin DEFAULT NULL,
  `ACT_INST_ID_` varchar(64) COLLATE utf8_bin DEFAULT NULL,
  `NAME_` varchar(255) COLLATE utf8_bin NOT NULL,
  `VAR_TYPE_` varchar(255) COLLATE utf8_bin DEFAULT NULL,
  `REV_` int(11) DEFAULT NULL,
  `TIME_` datetime NOT NULL,
  `BYTEARRAY_ID_` varchar(64) COLLATE utf8_bin DEFAULT NULL,
  `DOUBLE_` double DEFAULT NULL,
  `LONG_` bigint(20) DEFAULT NULL,
  `TEXT_` varchar(4000) COLLATE utf8_bin DEFAULT NULL,
  `TEXT2_` varchar(4000) COLLATE utf8_bin DEFAULT NULL,
  PRIMARY KEY (`ID_`),
  KEY `ACT_IDX_HI_DETAIL_PROC_INST` (`PROC_INST_ID_`),
  KEY `ACT_IDX_HI_DETAIL_ACT_INST` (`ACT_INST_ID_`),
  KEY `ACT_IDX_HI_DETAIL_TIME` (`TIME_`),
  KEY `ACT_IDX_HI_DETAIL_NAME` (`NAME_`),
  KEY `ACT_IDX_HI_DETAIL_TASK_ID` (`TASK_ID_`)
) ENGINE=InnoDB DEFAULT CHARSET=utf8 COLLATE=utf8_bin;

-- ----------------------------
-- Records of act_hi_detail
-- ----------------------------
INSERT INTO `act_hi_detail` VALUES ('1003', 'VariableUpdate', '1001', '1001', null, null, 'applyUserId', 'string', '0', '2014-04-05 23:18:38', null, null, null, 'admin', null);
INSERT INTO `act_hi_detail` VALUES ('1007', 'VariableUpdate', '1001', '1001', null, '1005', 'sponsor', 'string', '0', '2014-04-05 23:18:38', null, null, null, '超级管理员', null);
INSERT INTO `act_hi_detail` VALUES ('1013', 'VariableUpdate', '1001', '1001', null, '1008', 'deptLeaderPass', 'boolean', '0', '2014-04-05 23:20:48', null, null, '1', null, null);
INSERT INTO `act_hi_detail` VALUES ('102', 'VariableUpdate', '15', '15', null, '22', 'deptLeaderPass', 'boolean', '0', '2014-03-24 14:59:34', null, null, '1', null, null);
INSERT INTO `act_hi_detail` VALUES ('1020', 'VariableUpdate', '1001', '1001', null, '1015', 'hrPass', 'boolean', '0', '2014-04-05 23:23:50', null, null, '0', null, null);
INSERT INTO `act_hi_detail` VALUES ('1025', 'VariableUpdate', '1001', '1001', null, '1022', 'reApply', 'boolean', '0', '2014-04-05 23:29:50', null, null, '1', null, null);
INSERT INTO `act_hi_detail` VALUES ('109', 'VariableUpdate', '5', '5', null, '12', 'deptLeaderPass', 'boolean', '0', '2014-03-24 15:20:40', null, null, '0', null, null);
INSERT INTO `act_hi_detail` VALUES ('11', 'VariableUpdate', '5', '5', null, '9', 'sponsor', 'string', '0', '2014-03-24 09:57:30', null, null, null, '超级管理员', null);
INSERT INTO `act_hi_detail` VALUES ('115', 'VariableUpdate', '113', '113', null, null, 'applyUserId', 'string', '0', '2014-03-24 15:22:13', null, null, null, 'admin', null);
INSERT INTO `act_hi_detail` VALUES ('119', 'VariableUpdate', '113', '113', null, '117', 'sponsor', 'string', '0', '2014-03-24 15:22:13', null, null, null, '超级管理员', null);
INSERT INTO `act_hi_detail` VALUES ('17', 'VariableUpdate', '15', '15', null, null, 'applyUserId', 'string', '0', '2014-03-24 10:02:04', null, null, null, 'depman', null);
INSERT INTO `act_hi_detail` VALUES ('21', 'VariableUpdate', '15', '15', null, '19', 'sponsor', 'string', '0', '2014-03-24 10:02:04', null, null, null, '部门经理', null);
INSERT INTO `act_hi_detail` VALUES ('302', 'VariableUpdate', '15', '15', null, '104', 'hrPass', 'boolean', '0', '2014-03-24 21:04:19', null, null, '1', null, null);
INSERT INTO `act_hi_detail` VALUES ('7', 'VariableUpdate', '5', '5', null, null, 'applyUserId', 'string', '0', '2014-03-24 09:57:30', null, null, null, 'admin', null);
INSERT INTO `act_hi_detail` VALUES ('702', 'VariableUpdate', '5', '5', null, '111', 'reApply', 'boolean', '0', '2014-03-25 21:00:48', null, null, '0', null, null);
INSERT INTO `act_hi_detail` VALUES ('706', 'VariableUpdate', '113', '113', null, '120', 'deptLeaderPass', 'boolean', '0', '2014-03-25 21:03:44', null, null, '0', null, null);
INSERT INTO `act_hi_detail` VALUES ('711', 'VariableUpdate', '113', '113', null, '708', 'reApply', 'boolean', '0', '2014-03-25 21:07:07', null, null, '0', null, null);
INSERT INTO `act_hi_detail` VALUES ('803', 'VariableUpdate', '801', '801', null, null, 'applyUserId', 'string', '0', '2014-03-25 21:20:02', null, null, null, 'admin', null);
INSERT INTO `act_hi_detail` VALUES ('807', 'VariableUpdate', '801', '801', null, '805', 'sponsor', 'string', '0', '2014-03-25 21:20:02', null, null, null, '超级管理员', null);
INSERT INTO `act_hi_detail` VALUES ('813', 'VariableUpdate', '801', '801', null, '808', 'deptLeaderPass', 'boolean', '0', '2014-03-25 21:20:47', null, null, '0', null, null);
INSERT INTO `act_hi_detail` VALUES ('818', 'VariableUpdate', '801', '801', null, '815', 'reApply', 'boolean', '0', '2014-03-25 21:21:43', null, null, '1', null, null);
INSERT INTO `act_hi_detail` VALUES ('823', 'VariableUpdate', '801', '801', null, '820', 'deptLeaderPass', 'boolean', '1', '2014-03-25 21:24:37', null, null, '1', null, null);
INSERT INTO `act_hi_detail` VALUES ('830', 'VariableUpdate', '801', '801', null, '825', 'hrPass', 'boolean', '0', '2014-03-25 21:25:09', null, null, '0', null, null);
INSERT INTO `act_hi_detail` VALUES ('834', 'VariableUpdate', '801', '801', null, '832', 'reApply', 'boolean', '1', '2014-03-25 21:30:56', null, null, '1', null, null);
INSERT INTO `act_hi_detail` VALUES ('839', 'VariableUpdate', '801', '801', null, '836', 'deptLeaderPass', 'boolean', '2', '2014-03-25 21:34:24', null, null, '1', null, null);
INSERT INTO `act_hi_detail` VALUES ('844', 'VariableUpdate', '801', '801', null, '841', 'hrPass', 'boolean', '1', '2014-03-25 21:35:43', null, null, '1', null, null);
INSERT INTO `act_hi_detail` VALUES ('903', 'VariableUpdate', '901', '901', null, null, 'applyUserId', 'string', '0', '2014-03-27 13:40:13', null, null, null, 'admin', null);
INSERT INTO `act_hi_detail` VALUES ('907', 'VariableUpdate', '901', '901', null, '905', 'sponsor', 'string', '0', '2014-03-27 13:40:14', null, null, null, '超级管理员', null);

-- ----------------------------
-- Table structure for act_hi_identitylink
-- ----------------------------
DROP TABLE IF EXISTS `act_hi_identitylink`;
CREATE TABLE `act_hi_identitylink` (
  `ID_` varchar(64) COLLATE utf8_bin NOT NULL DEFAULT '',
  `GROUP_ID_` varchar(255) COLLATE utf8_bin DEFAULT NULL,
  `TYPE_` varchar(255) COLLATE utf8_bin DEFAULT NULL,
  `USER_ID_` varchar(255) COLLATE utf8_bin DEFAULT NULL,
  `TASK_ID_` varchar(64) COLLATE utf8_bin DEFAULT NULL,
  `PROC_INST_ID_` varchar(64) COLLATE utf8_bin DEFAULT NULL,
  PRIMARY KEY (`ID_`),
  KEY `ACT_IDX_HI_IDENT_LNK_USER` (`USER_ID_`),
  KEY `ACT_IDX_HI_IDENT_LNK_TASK` (`TASK_ID_`),
  KEY `ACT_IDX_HI_IDENT_LNK_PROCINST` (`PROC_INST_ID_`)
) ENGINE=InnoDB DEFAULT CHARSET=utf8 COLLATE=utf8_bin;

-- ----------------------------
-- Records of act_hi_identitylink
-- ----------------------------
INSERT INTO `act_hi_identitylink` VALUES ('1004', null, 'starter', 'admin', null, '1001');
INSERT INTO `act_hi_identitylink` VALUES ('1010', 'deptLeader', 'candidate', null, '1009', null);
INSERT INTO `act_hi_identitylink` VALUES ('1011', null, 'participant', 'depman', null, '1001');
INSERT INTO `act_hi_identitylink` VALUES ('1017', 'hr', 'candidate', null, '1016', null);
INSERT INTO `act_hi_identitylink` VALUES ('1018', null, 'participant', 'user2', null, '1001');
INSERT INTO `act_hi_identitylink` VALUES ('1029', 'deptLeader', 'candidate', null, '1028', null);
INSERT INTO `act_hi_identitylink` VALUES ('106', 'hr', 'candidate', null, '105', null);
INSERT INTO `act_hi_identitylink` VALUES ('107', null, 'participant', 'user2', null, '15');
INSERT INTO `act_hi_identitylink` VALUES ('116', null, 'starter', 'admin', null, '113');
INSERT INTO `act_hi_identitylink` VALUES ('122', 'deptLeader', 'candidate', null, '121', null);
INSERT INTO `act_hi_identitylink` VALUES ('123', null, 'participant', 'depman', null, '113');
INSERT INTO `act_hi_identitylink` VALUES ('14', 'deptLeader', 'candidate', null, '13', null);
INSERT INTO `act_hi_identitylink` VALUES ('18', null, 'starter', 'depman', null, '15');
INSERT INTO `act_hi_identitylink` VALUES ('24', 'deptLeader', 'candidate', null, '23', null);
INSERT INTO `act_hi_identitylink` VALUES ('25', null, 'participant', 'depman', null, '5');
INSERT INTO `act_hi_identitylink` VALUES ('8', null, 'starter', 'admin', null, '5');
INSERT INTO `act_hi_identitylink` VALUES ('804', null, 'starter', 'admin', null, '801');
INSERT INTO `act_hi_identitylink` VALUES ('810', 'deptLeader', 'candidate', null, '809', null);
INSERT INTO `act_hi_identitylink` VALUES ('811', null, 'participant', 'depman', null, '801');
INSERT INTO `act_hi_identitylink` VALUES ('822', 'deptLeader', 'candidate', null, '821', null);
INSERT INTO `act_hi_identitylink` VALUES ('827', 'hr', 'candidate', null, '826', null);
INSERT INTO `act_hi_identitylink` VALUES ('828', null, 'participant', 'user2', null, '801');
INSERT INTO `act_hi_identitylink` VALUES ('838', 'deptLeader', 'candidate', null, '837', null);
INSERT INTO `act_hi_identitylink` VALUES ('843', 'hr', 'candidate', null, '842', null);
INSERT INTO `act_hi_identitylink` VALUES ('904', null, 'starter', 'admin', null, '901');
INSERT INTO `act_hi_identitylink` VALUES ('910', 'deptLeader', 'candidate', null, '909', null);
INSERT INTO `act_hi_identitylink` VALUES ('911', null, 'participant', 'depman', null, '901');

-- ----------------------------
-- Table structure for act_hi_procinst
-- ----------------------------
DROP TABLE IF EXISTS `act_hi_procinst`;
CREATE TABLE `act_hi_procinst` (
  `ID_` varchar(64) COLLATE utf8_bin NOT NULL,
  `PROC_INST_ID_` varchar(64) COLLATE utf8_bin NOT NULL,
  `BUSINESS_KEY_` varchar(255) COLLATE utf8_bin DEFAULT NULL,
  `PROC_DEF_ID_` varchar(64) COLLATE utf8_bin NOT NULL,
  `START_TIME_` datetime NOT NULL,
  `END_TIME_` datetime DEFAULT NULL,
  `DURATION_` bigint(20) DEFAULT NULL,
  `START_USER_ID_` varchar(255) COLLATE utf8_bin DEFAULT NULL,
  `START_ACT_ID_` varchar(255) COLLATE utf8_bin DEFAULT NULL,
  `END_ACT_ID_` varchar(255) COLLATE utf8_bin DEFAULT NULL,
  `SUPER_PROCESS_INSTANCE_ID_` varchar(64) COLLATE utf8_bin DEFAULT NULL,
  `DELETE_REASON_` varchar(4000) COLLATE utf8_bin DEFAULT NULL,
  PRIMARY KEY (`ID_`),
  UNIQUE KEY `PROC_INST_ID_` (`PROC_INST_ID_`),
  UNIQUE KEY `ACT_UNIQ_HI_BUS_KEY` (`PROC_DEF_ID_`,`BUSINESS_KEY_`),
  KEY `ACT_IDX_HI_PRO_INST_END` (`END_TIME_`),
  KEY `ACT_IDX_HI_PRO_I_BUSKEY` (`BUSINESS_KEY_`)
) ENGINE=InnoDB DEFAULT CHARSET=utf8 COLLATE=utf8_bin;

-- ----------------------------
-- Records of act_hi_procinst
-- ----------------------------
INSERT INTO `act_hi_procinst` VALUES ('1001', '1001', '7', 'leave:1:4', '2014-04-05 23:18:38', null, null, 'admin', 'startevent1', null, null, null);
INSERT INTO `act_hi_procinst` VALUES ('113', '113', '4', 'leave:1:4', '2014-03-24 15:22:13', '2014-03-25 21:07:18', '107105157', 'admin', 'startevent1', 'endevent1', null, null);
INSERT INTO `act_hi_procinst` VALUES ('15', '15', '3', 'leave:1:4', '2014-03-24 10:02:04', null, null, 'depman', 'startevent1', null, null, null);
INSERT INTO `act_hi_procinst` VALUES ('5', '5', '2', 'leave:1:4', '2014-03-24 09:57:30', '2014-03-25 21:00:49', '126199469', 'admin', 'startevent1', 'endevent1', null, null);
INSERT INTO `act_hi_procinst` VALUES ('801', '801', '5', 'leave:1:4', '2014-03-25 21:20:02', null, null, 'admin', 'startevent1', null, null, null);
INSERT INTO `act_hi_procinst` VALUES ('901', '901', '6', 'leave:1:4', '2014-03-27 13:40:14', null, null, 'admin', 'startevent1', null, null, null);

-- ----------------------------
-- Table structure for act_hi_taskinst
-- ----------------------------
DROP TABLE IF EXISTS `act_hi_taskinst`;
CREATE TABLE `act_hi_taskinst` (
  `ID_` varchar(64) COLLATE utf8_bin NOT NULL,
  `PROC_DEF_ID_` varchar(64) COLLATE utf8_bin DEFAULT NULL,
  `TASK_DEF_KEY_` varchar(255) COLLATE utf8_bin DEFAULT NULL,
  `PROC_INST_ID_` varchar(64) COLLATE utf8_bin DEFAULT NULL,
  `EXECUTION_ID_` varchar(64) COLLATE utf8_bin DEFAULT NULL,
  `NAME_` varchar(255) COLLATE utf8_bin DEFAULT NULL,
  `PARENT_TASK_ID_` varchar(64) COLLATE utf8_bin DEFAULT NULL,
  `DESCRIPTION_` varchar(4000) COLLATE utf8_bin DEFAULT NULL,
  `OWNER_` varchar(255) COLLATE utf8_bin DEFAULT NULL,
  `ASSIGNEE_` varchar(255) COLLATE utf8_bin DEFAULT NULL,
  `START_TIME_` datetime NOT NULL,
  `CLAIM_TIME_` datetime DEFAULT NULL,
  `END_TIME_` datetime DEFAULT NULL,
  `DURATION_` bigint(20) DEFAULT NULL,
  `DELETE_REASON_` varchar(4000) COLLATE utf8_bin DEFAULT NULL,
  `PRIORITY_` int(11) DEFAULT NULL,
  `DUE_DATE_` datetime DEFAULT NULL,
  `FORM_KEY_` varchar(255) COLLATE utf8_bin DEFAULT NULL,
  PRIMARY KEY (`ID_`)
) ENGINE=InnoDB DEFAULT CHARSET=utf8 COLLATE=utf8_bin;

-- ----------------------------
-- Records of act_hi_taskinst
-- ----------------------------
INSERT INTO `act_hi_taskinst` VALUES ('1009', 'leave:1:4', 'deptLeaderAudit', '1001', '1001', '部门领导审批', null, null, null, 'depman', '2014-04-05 23:18:38', '2014-04-05 23:20:08', '2014-04-05 23:20:48', '130806', 'completed', '50', null, null);
INSERT INTO `act_hi_taskinst` VALUES ('1016', 'leave:1:4', 'hrAudit', '1001', '1001', '人事审批', null, null, null, 'user2', '2014-04-05 23:20:48', '2014-04-05 23:22:57', '2014-04-05 23:23:50', '182128', 'completed', '50', null, null);
INSERT INTO `act_hi_taskinst` VALUES ('1023', 'leave:1:4', 'modifyApply', '1001', '1001', '调整申请', null, null, null, 'admin', '2014-04-05 23:23:50', null, '2014-04-05 23:29:50', '360882', 'completed', '50', null, null);
INSERT INTO `act_hi_taskinst` VALUES ('1028', 'leave:1:4', 'deptLeaderAudit', '1001', '1001', '部门领导审批', null, null, null, null, '2014-04-05 23:29:50', null, null, null, null, '50', null, null);
INSERT INTO `act_hi_taskinst` VALUES ('105', 'leave:1:4', 'hrAudit', '15', '15', '人事审批', null, null, null, 'user2', '2014-03-24 14:59:34', '2014-03-24 15:15:35', '2014-03-24 21:04:20', '21886331', 'completed', '50', null, null);
INSERT INTO `act_hi_taskinst` VALUES ('112', 'leave:1:4', 'modifyApply', '5', '5', '调整申请', null, null, null, 'admin', '2014-03-24 15:20:40', null, '2014-03-25 21:00:49', '106809394', 'completed', '50', null, null);
INSERT INTO `act_hi_taskinst` VALUES ('121', 'leave:1:4', 'deptLeaderAudit', '113', '113', '部门领导审批', null, null, null, 'depman', '2014-03-24 15:22:13', '2014-03-24 15:23:55', '2014-03-25 21:03:44', '106891173', 'completed', '50', null, null);
INSERT INTO `act_hi_taskinst` VALUES ('13', 'leave:1:4', 'deptLeaderAudit', '5', '5', '部门领导审批', null, null, null, 'depman', '2014-03-24 09:57:31', '2014-03-24 12:51:57', '2014-03-24 15:20:40', '19389181', 'completed', '50', null, null);
INSERT INTO `act_hi_taskinst` VALUES ('23', 'leave:1:4', 'deptLeaderAudit', '15', '15', '部门领导审批', null, null, null, 'depman', '2014-03-24 10:02:04', '2014-03-24 11:29:06', '2014-03-24 14:59:34', '17850455', 'completed', '50', null, null);
INSERT INTO `act_hi_taskinst` VALUES ('305', 'leave:1:4', 'reportBack', '15', '15', '销假', null, null, null, 'depman', '2014-03-24 21:04:20', null, null, null, null, '50', null, null);
INSERT INTO `act_hi_taskinst` VALUES ('709', 'leave:1:4', 'modifyApply', '113', '113', '调整申请', null, null, null, 'admin', '2014-03-25 21:03:44', null, '2014-03-25 21:07:18', '214146', 'completed', '50', null, null);
INSERT INTO `act_hi_taskinst` VALUES ('809', 'leave:1:4', 'deptLeaderAudit', '801', '801', '部门领导审批', null, null, null, 'depman', '2014-03-25 21:20:02', '2014-03-25 21:20:33', '2014-03-25 21:20:47', '45607', 'completed', '50', null, null);
INSERT INTO `act_hi_taskinst` VALUES ('816', 'leave:1:4', 'modifyApply', '801', '801', '调整申请', null, null, null, 'admin', '2014-03-25 21:20:47', null, '2014-03-25 21:21:53', '66532', 'completed', '50', null, null);
INSERT INTO `act_hi_taskinst` VALUES ('821', 'leave:1:4', 'deptLeaderAudit', '801', '801', '部门领导审批', null, null, null, 'admin', '2014-03-25 21:21:53', '2014-03-25 21:23:30', '2014-03-25 21:24:37', '164815', 'completed', '50', null, null);
INSERT INTO `act_hi_taskinst` VALUES ('826', 'leave:1:4', 'hrAudit', '801', '801', '人事审批', null, null, null, 'user2', '2014-03-25 21:24:37', '2014-03-25 21:25:00', '2014-03-25 21:25:09', '32426', 'completed', '50', null, null);
INSERT INTO `act_hi_taskinst` VALUES ('833', 'leave:1:4', 'modifyApply', '801', '801', '调整申请', null, null, null, 'admin', '2014-03-25 21:25:09', null, '2014-03-25 21:31:17', '368443', 'completed', '50', null, null);
INSERT INTO `act_hi_taskinst` VALUES ('837', 'leave:1:4', 'deptLeaderAudit', '801', '801', '部门领导审批', null, null, null, 'depman', '2014-03-25 21:31:17', '2014-03-25 21:34:08', '2014-03-25 21:34:24', '187679', 'completed', '50', null, null);
INSERT INTO `act_hi_taskinst` VALUES ('842', 'leave:1:4', 'hrAudit', '801', '801', '人事审批', null, null, null, 'user2', '2014-03-25 21:34:24', '2014-03-25 21:35:07', '2014-03-25 21:35:43', '79551', 'completed', '50', null, null);
INSERT INTO `act_hi_taskinst` VALUES ('847', 'leave:1:4', 'reportBack', '801', '801', '销假', null, null, null, 'admin', '2014-03-25 21:35:43', null, null, null, null, '50', null, null);
INSERT INTO `act_hi_taskinst` VALUES ('909', 'leave:1:4', 'deptLeaderAudit', '901', '901', '部门领导审批', null, null, null, 'depman', '2014-03-27 13:40:14', '2014-03-27 13:46:44', null, null, null, '50', null, null);

-- ----------------------------
-- Table structure for act_hi_varinst
-- ----------------------------
DROP TABLE IF EXISTS `act_hi_varinst`;
CREATE TABLE `act_hi_varinst` (
  `ID_` varchar(64) COLLATE utf8_bin NOT NULL,
  `PROC_INST_ID_` varchar(64) COLLATE utf8_bin DEFAULT NULL,
  `EXECUTION_ID_` varchar(64) COLLATE utf8_bin DEFAULT NULL,
  `TASK_ID_` varchar(64) COLLATE utf8_bin DEFAULT NULL,
  `NAME_` varchar(255) COLLATE utf8_bin NOT NULL,
  `VAR_TYPE_` varchar(100) COLLATE utf8_bin DEFAULT NULL,
  `REV_` int(11) DEFAULT NULL,
  `BYTEARRAY_ID_` varchar(64) COLLATE utf8_bin DEFAULT NULL,
  `DOUBLE_` double DEFAULT NULL,
  `LONG_` bigint(20) DEFAULT NULL,
  `TEXT_` varchar(4000) COLLATE utf8_bin DEFAULT NULL,
  `TEXT2_` varchar(4000) COLLATE utf8_bin DEFAULT NULL,
  PRIMARY KEY (`ID_`),
  KEY `ACT_IDX_HI_PROCVAR_PROC_INST` (`PROC_INST_ID_`),
  KEY `ACT_IDX_HI_PROCVAR_NAME_TYPE` (`NAME_`,`VAR_TYPE_`)
) ENGINE=InnoDB DEFAULT CHARSET=utf8 COLLATE=utf8_bin;

-- ----------------------------
-- Records of act_hi_varinst
-- ----------------------------
INSERT INTO `act_hi_varinst` VALUES ('10', '5', '5', null, 'sponsor', 'string', '0', null, null, null, '超级管理员', null);
INSERT INTO `act_hi_varinst` VALUES ('1002', '1001', '1001', null, 'applyUserId', 'string', '0', null, null, null, 'admin', null);
INSERT INTO `act_hi_varinst` VALUES ('1006', '1001', '1001', null, 'sponsor', 'string', '0', null, null, null, '超级管理员', null);
INSERT INTO `act_hi_varinst` VALUES ('101', '15', '15', null, 'deptLeaderPass', 'boolean', '0', null, null, '1', null, null);
INSERT INTO `act_hi_varinst` VALUES ('1012', '1001', '1001', null, 'deptLeaderPass', 'boolean', '0', null, null, '1', null, null);
INSERT INTO `act_hi_varinst` VALUES ('1019', '1001', '1001', null, 'hrPass', 'boolean', '0', null, null, '0', null, null);
INSERT INTO `act_hi_varinst` VALUES ('1024', '1001', '1001', null, 'reApply', 'boolean', '0', null, null, '1', null, null);
INSERT INTO `act_hi_varinst` VALUES ('108', '5', '5', null, 'deptLeaderPass', 'boolean', '0', null, null, '0', null, null);
INSERT INTO `act_hi_varinst` VALUES ('114', '113', '113', null, 'applyUserId', 'string', '0', null, null, null, 'admin', null);
INSERT INTO `act_hi_varinst` VALUES ('118', '113', '113', null, 'sponsor', 'string', '0', null, null, null, '超级管理员', null);
INSERT INTO `act_hi_varinst` VALUES ('16', '15', '15', null, 'applyUserId', 'string', '0', null, null, null, 'depman', null);
INSERT INTO `act_hi_varinst` VALUES ('20', '15', '15', null, 'sponsor', 'string', '0', null, null, null, '部门经理', null);
INSERT INTO `act_hi_varinst` VALUES ('301', '15', '15', null, 'hrPass', 'boolean', '0', null, null, '1', null, null);
INSERT INTO `act_hi_varinst` VALUES ('6', '5', '5', null, 'applyUserId', 'string', '0', null, null, null, 'admin', null);
INSERT INTO `act_hi_varinst` VALUES ('701', '5', '5', null, 'reApply', 'boolean', '0', null, null, '0', null, null);
INSERT INTO `act_hi_varinst` VALUES ('705', '113', '113', null, 'deptLeaderPass', 'boolean', '0', null, null, '0', null, null);
INSERT INTO `act_hi_varinst` VALUES ('710', '113', '113', null, 'reApply', 'boolean', '0', null, null, '0', null, null);
INSERT INTO `act_hi_varinst` VALUES ('802', '801', '801', null, 'applyUserId', 'string', '0', null, null, null, 'admin', null);
INSERT INTO `act_hi_varinst` VALUES ('806', '801', '801', null, 'sponsor', 'string', '0', null, null, null, '超级管理员', null);
INSERT INTO `act_hi_varinst` VALUES ('812', '801', '801', null, 'deptLeaderPass', 'boolean', '1', null, null, '1', null, null);
INSERT INTO `act_hi_varinst` VALUES ('817', '801', '801', null, 'reApply', 'boolean', '0', null, null, '1', null, null);
INSERT INTO `act_hi_varinst` VALUES ('829', '801', '801', null, 'hrPass', 'boolean', '1', null, null, '1', null, null);
INSERT INTO `act_hi_varinst` VALUES ('902', '901', '901', null, 'applyUserId', 'string', '0', null, null, null, 'admin', null);
INSERT INTO `act_hi_varinst` VALUES ('906', '901', '901', null, 'sponsor', 'string', '0', null, null, null, '超级管理员', null);

-- ----------------------------
-- Table structure for act_re_deployment
-- ----------------------------
DROP TABLE IF EXISTS `act_re_deployment`;
CREATE TABLE `act_re_deployment` (
  `ID_` varchar(64) COLLATE utf8_bin NOT NULL DEFAULT '',
  `NAME_` varchar(255) COLLATE utf8_bin DEFAULT NULL,
  `CATEGORY_` varchar(255) COLLATE utf8_bin DEFAULT NULL,
  `DEPLOY_TIME_` timestamp NOT NULL DEFAULT CURRENT_TIMESTAMP ON UPDATE CURRENT_TIMESTAMP,
  PRIMARY KEY (`ID_`)
) ENGINE=InnoDB DEFAULT CHARSET=utf8 COLLATE=utf8_bin;

-- ----------------------------
-- Records of act_re_deployment
-- ----------------------------
INSERT INTO `act_re_deployment` VALUES ('1', 'SpringAutoDeployment', null, '2014-03-24 09:57:01');

-- ----------------------------
-- Table structure for act_re_model
-- ----------------------------
DROP TABLE IF EXISTS `act_re_model`;
CREATE TABLE `act_re_model` (
  `ID_` varchar(64) COLLATE utf8_bin NOT NULL,
  `REV_` int(11) DEFAULT NULL,
  `NAME_` varchar(255) COLLATE utf8_bin DEFAULT NULL,
  `KEY_` varchar(255) COLLATE utf8_bin DEFAULT NULL,
  `CATEGORY_` varchar(255) COLLATE utf8_bin DEFAULT NULL,
  `CREATE_TIME_` timestamp NULL DEFAULT NULL,
  `LAST_UPDATE_TIME_` timestamp NULL DEFAULT NULL,
  `VERSION_` int(11) DEFAULT NULL,
  `META_INFO_` varchar(4000) COLLATE utf8_bin DEFAULT NULL,
  `DEPLOYMENT_ID_` varchar(64) COLLATE utf8_bin DEFAULT NULL,
  `EDITOR_SOURCE_VALUE_ID_` varchar(64) COLLATE utf8_bin DEFAULT NULL,
  `EDITOR_SOURCE_EXTRA_VALUE_ID_` varchar(64) COLLATE utf8_bin DEFAULT NULL,
  PRIMARY KEY (`ID_`),
  KEY `ACT_FK_MODEL_SOURCE` (`EDITOR_SOURCE_VALUE_ID_`),
  KEY `ACT_FK_MODEL_SOURCE_EXTRA` (`EDITOR_SOURCE_EXTRA_VALUE_ID_`),
  KEY `ACT_FK_MODEL_DEPLOYMENT` (`DEPLOYMENT_ID_`),
  CONSTRAINT `ACT_FK_MODEL_DEPLOYMENT` FOREIGN KEY (`DEPLOYMENT_ID_`) REFERENCES `act_re_deployment` (`ID_`),
  CONSTRAINT `ACT_FK_MODEL_SOURCE` FOREIGN KEY (`EDITOR_SOURCE_VALUE_ID_`) REFERENCES `act_ge_bytearray` (`ID_`),
  CONSTRAINT `ACT_FK_MODEL_SOURCE_EXTRA` FOREIGN KEY (`EDITOR_SOURCE_EXTRA_VALUE_ID_`) REFERENCES `act_ge_bytearray` (`ID_`)
) ENGINE=InnoDB DEFAULT CHARSET=utf8 COLLATE=utf8_bin;

-- ----------------------------
-- Records of act_re_model
-- ----------------------------

-- ----------------------------
-- Table structure for act_re_procdef
-- ----------------------------
DROP TABLE IF EXISTS `act_re_procdef`;
CREATE TABLE `act_re_procdef` (
  `ID_` varchar(64) COLLATE utf8_bin NOT NULL,
  `REV_` int(11) DEFAULT NULL,
  `CATEGORY_` varchar(255) COLLATE utf8_bin DEFAULT NULL,
  `NAME_` varchar(255) COLLATE utf8_bin DEFAULT NULL,
  `KEY_` varchar(255) COLLATE utf8_bin NOT NULL,
  `VERSION_` int(11) NOT NULL,
  `DEPLOYMENT_ID_` varchar(64) COLLATE utf8_bin DEFAULT NULL,
  `RESOURCE_NAME_` varchar(4000) COLLATE utf8_bin DEFAULT NULL,
  `DGRM_RESOURCE_NAME_` varchar(4000) COLLATE utf8_bin DEFAULT NULL,
  `DESCRIPTION_` varchar(4000) COLLATE utf8_bin DEFAULT NULL,
  `HAS_START_FORM_KEY_` tinyint(4) DEFAULT NULL,
  `SUSPENSION_STATE_` int(11) DEFAULT NULL,
  PRIMARY KEY (`ID_`),
  UNIQUE KEY `ACT_UNIQ_PROCDEF` (`KEY_`,`VERSION_`)
) ENGINE=InnoDB DEFAULT CHARSET=utf8 COLLATE=utf8_bin;

-- ----------------------------
-- Records of act_re_procdef
-- ----------------------------
INSERT INTO `act_re_procdef` VALUES ('leave:1:4', '1', 'http://www.rguess.org/demo/activiti/leave', '请假流程', 'leave', '1', '1', 'leave/leave.bpmn', 'leave/leave.png', '请假流程演示', '0', '1');

-- ----------------------------
-- Table structure for act_ru_event_subscr
-- ----------------------------
DROP TABLE IF EXISTS `act_ru_event_subscr`;
CREATE TABLE `act_ru_event_subscr` (
  `ID_` varchar(64) COLLATE utf8_bin NOT NULL,
  `REV_` int(11) DEFAULT NULL,
  `EVENT_TYPE_` varchar(255) COLLATE utf8_bin NOT NULL,
  `EVENT_NAME_` varchar(255) COLLATE utf8_bin DEFAULT NULL,
  `EXECUTION_ID_` varchar(64) COLLATE utf8_bin DEFAULT NULL,
  `PROC_INST_ID_` varchar(64) COLLATE utf8_bin DEFAULT NULL,
  `ACTIVITY_ID_` varchar(64) COLLATE utf8_bin DEFAULT NULL,
  `CONFIGURATION_` varchar(255) COLLATE utf8_bin DEFAULT NULL,
  `CREATED_` timestamp NOT NULL DEFAULT CURRENT_TIMESTAMP,
  PRIMARY KEY (`ID_`),
  KEY `ACT_IDX_EVENT_SUBSCR_CONFIG_` (`CONFIGURATION_`),
  KEY `ACT_FK_EVENT_EXEC` (`EXECUTION_ID_`),
  CONSTRAINT `ACT_FK_EVENT_EXEC` FOREIGN KEY (`EXECUTION_ID_`) REFERENCES `act_ru_execution` (`ID_`)
) ENGINE=InnoDB DEFAULT CHARSET=utf8 COLLATE=utf8_bin;

-- ----------------------------
-- Records of act_ru_event_subscr
-- ----------------------------

-- ----------------------------
-- Table structure for act_ru_execution
-- ----------------------------
DROP TABLE IF EXISTS `act_ru_execution`;
CREATE TABLE `act_ru_execution` (
  `ID_` varchar(64) COLLATE utf8_bin NOT NULL DEFAULT '',
  `REV_` int(11) DEFAULT NULL,
  `PROC_INST_ID_` varchar(64) COLLATE utf8_bin DEFAULT NULL,
  `BUSINESS_KEY_` varchar(255) COLLATE utf8_bin DEFAULT NULL,
  `PARENT_ID_` varchar(64) COLLATE utf8_bin DEFAULT NULL,
  `PROC_DEF_ID_` varchar(64) COLLATE utf8_bin DEFAULT NULL,
  `SUPER_EXEC_` varchar(64) COLLATE utf8_bin DEFAULT NULL,
  `ACT_ID_` varchar(255) COLLATE utf8_bin DEFAULT NULL,
  `IS_ACTIVE_` tinyint(4) DEFAULT NULL,
  `IS_CONCURRENT_` tinyint(4) DEFAULT NULL,
  `IS_SCOPE_` tinyint(4) DEFAULT NULL,
  `IS_EVENT_SCOPE_` tinyint(4) DEFAULT NULL,
  `SUSPENSION_STATE_` int(11) DEFAULT NULL,
  `CACHED_ENT_STATE_` int(11) DEFAULT NULL,
  PRIMARY KEY (`ID_`),
  UNIQUE KEY `ACT_UNIQ_RU_BUS_KEY` (`PROC_DEF_ID_`,`BUSINESS_KEY_`),
  KEY `ACT_IDX_EXEC_BUSKEY` (`BUSINESS_KEY_`),
  KEY `ACT_FK_EXE_PROCINST` (`PROC_INST_ID_`),
  KEY `ACT_FK_EXE_PARENT` (`PARENT_ID_`),
  KEY `ACT_FK_EXE_SUPER` (`SUPER_EXEC_`),
  CONSTRAINT `ACT_FK_EXE_PARENT` FOREIGN KEY (`PARENT_ID_`) REFERENCES `act_ru_execution` (`ID_`),
  CONSTRAINT `ACT_FK_EXE_PROCDEF` FOREIGN KEY (`PROC_DEF_ID_`) REFERENCES `act_re_procdef` (`ID_`),
  CONSTRAINT `ACT_FK_EXE_PROCINST` FOREIGN KEY (`PROC_INST_ID_`) REFERENCES `act_ru_execution` (`ID_`) ON DELETE CASCADE ON UPDATE CASCADE,
  CONSTRAINT `ACT_FK_EXE_SUPER` FOREIGN KEY (`SUPER_EXEC_`) REFERENCES `act_ru_execution` (`ID_`)
) ENGINE=InnoDB DEFAULT CHARSET=utf8 COLLATE=utf8_bin;

-- ----------------------------
-- Records of act_ru_execution
-- ----------------------------
INSERT INTO `act_ru_execution` VALUES ('1001', '4', '1001', '7', null, 'leave:1:4', null, 'deptLeaderAudit', '1', '0', '1', '0', '1', '2');
INSERT INTO `act_ru_execution` VALUES ('15', '3', '15', '3', null, 'leave:1:4', null, 'reportBack', '1', '0', '1', '0', '1', '2');
INSERT INTO `act_ru_execution` VALUES ('801', '8', '801', '5', null, 'leave:1:4', null, 'reportBack', '1', '0', '1', '0', '1', '2');
INSERT INTO `act_ru_execution` VALUES ('901', '1', '901', '6', null, 'leave:1:4', null, 'deptLeaderAudit', '1', '0', '1', '0', '1', '2');

-- ----------------------------
-- Table structure for act_ru_identitylink
-- ----------------------------
DROP TABLE IF EXISTS `act_ru_identitylink`;
CREATE TABLE `act_ru_identitylink` (
  `ID_` varchar(64) COLLATE utf8_bin NOT NULL DEFAULT '',
  `REV_` int(11) DEFAULT NULL,
  `GROUP_ID_` varchar(255) COLLATE utf8_bin DEFAULT NULL,
  `TYPE_` varchar(255) COLLATE utf8_bin DEFAULT NULL,
  `USER_ID_` varchar(255) COLLATE utf8_bin DEFAULT NULL,
  `TASK_ID_` varchar(64) COLLATE utf8_bin DEFAULT NULL,
  `PROC_INST_ID_` varchar(64) COLLATE utf8_bin DEFAULT NULL,
  `PROC_DEF_ID_` varchar(64) COLLATE utf8_bin DEFAULT NULL,
  PRIMARY KEY (`ID_`),
  KEY `ACT_IDX_IDENT_LNK_USER` (`USER_ID_`),
  KEY `ACT_IDX_IDENT_LNK_GROUP` (`GROUP_ID_`),
  KEY `ACT_IDX_ATHRZ_PROCEDEF` (`PROC_DEF_ID_`),
  KEY `ACT_FK_TSKASS_TASK` (`TASK_ID_`),
  KEY `ACT_FK_IDL_PROCINST` (`PROC_INST_ID_`),
  CONSTRAINT `ACT_FK_ATHRZ_PROCEDEF` FOREIGN KEY (`PROC_DEF_ID_`) REFERENCES `act_re_procdef` (`ID_`),
  CONSTRAINT `ACT_FK_IDL_PROCINST` FOREIGN KEY (`PROC_INST_ID_`) REFERENCES `act_ru_execution` (`ID_`),
  CONSTRAINT `ACT_FK_TSKASS_TASK` FOREIGN KEY (`TASK_ID_`) REFERENCES `act_ru_task` (`ID_`)
) ENGINE=InnoDB DEFAULT CHARSET=utf8 COLLATE=utf8_bin;

-- ----------------------------
-- Records of act_ru_identitylink
-- ----------------------------
INSERT INTO `act_ru_identitylink` VALUES ('1004', '1', null, 'starter', 'admin', null, '1001', null);
INSERT INTO `act_ru_identitylink` VALUES ('1011', '1', null, 'participant', 'depman', null, '1001', null);
INSERT INTO `act_ru_identitylink` VALUES ('1018', '1', null, 'participant', 'user2', null, '1001', null);
INSERT INTO `act_ru_identitylink` VALUES ('1029', '1', 'deptLeader', 'candidate', null, '1028', null, null);
INSERT INTO `act_ru_identitylink` VALUES ('107', '1', null, 'participant', 'user2', null, '15', null);
INSERT INTO `act_ru_identitylink` VALUES ('18', '1', null, 'starter', 'depman', null, '15', null);
INSERT INTO `act_ru_identitylink` VALUES ('804', '1', null, 'starter', 'admin', null, '801', null);
INSERT INTO `act_ru_identitylink` VALUES ('811', '1', null, 'participant', 'depman', null, '801', null);
INSERT INTO `act_ru_identitylink` VALUES ('828', '1', null, 'participant', 'user2', null, '801', null);
INSERT INTO `act_ru_identitylink` VALUES ('904', '1', null, 'starter', 'admin', null, '901', null);
INSERT INTO `act_ru_identitylink` VALUES ('910', '1', 'deptLeader', 'candidate', null, '909', null, null);
INSERT INTO `act_ru_identitylink` VALUES ('911', '1', null, 'participant', 'depman', null, '901', null);

-- ----------------------------
-- Table structure for act_ru_job
-- ----------------------------
DROP TABLE IF EXISTS `act_ru_job`;
CREATE TABLE `act_ru_job` (
  `ID_` varchar(64) COLLATE utf8_bin NOT NULL,
  `REV_` int(11) DEFAULT NULL,
  `TYPE_` varchar(255) COLLATE utf8_bin NOT NULL,
  `LOCK_EXP_TIME_` timestamp NULL DEFAULT NULL,
  `LOCK_OWNER_` varchar(255) COLLATE utf8_bin DEFAULT NULL,
  `EXCLUSIVE_` tinyint(1) DEFAULT NULL,
  `EXECUTION_ID_` varchar(64) COLLATE utf8_bin DEFAULT NULL,
  `PROCESS_INSTANCE_ID_` varchar(64) COLLATE utf8_bin DEFAULT NULL,
  `PROC_DEF_ID_` varchar(64) COLLATE utf8_bin DEFAULT NULL,
  `RETRIES_` int(11) DEFAULT NULL,
  `EXCEPTION_STACK_ID_` varchar(64) COLLATE utf8_bin DEFAULT NULL,
  `EXCEPTION_MSG_` varchar(4000) COLLATE utf8_bin DEFAULT NULL,
  `DUEDATE_` timestamp NULL DEFAULT NULL,
  `REPEAT_` varchar(255) COLLATE utf8_bin DEFAULT NULL,
  `HANDLER_TYPE_` varchar(255) COLLATE utf8_bin DEFAULT NULL,
  `HANDLER_CFG_` varchar(4000) COLLATE utf8_bin DEFAULT NULL,
  PRIMARY KEY (`ID_`),
  KEY `ACT_FK_JOB_EXCEPTION` (`EXCEPTION_STACK_ID_`),
  CONSTRAINT `ACT_FK_JOB_EXCEPTION` FOREIGN KEY (`EXCEPTION_STACK_ID_`) REFERENCES `act_ge_bytearray` (`ID_`)
) ENGINE=InnoDB DEFAULT CHARSET=utf8 COLLATE=utf8_bin;

-- ----------------------------
-- Records of act_ru_job
-- ----------------------------

-- ----------------------------
-- Table structure for act_ru_task
-- ----------------------------
DROP TABLE IF EXISTS `act_ru_task`;
CREATE TABLE `act_ru_task` (
  `ID_` varchar(64) COLLATE utf8_bin NOT NULL DEFAULT '',
  `REV_` int(11) DEFAULT NULL,
  `EXECUTION_ID_` varchar(64) COLLATE utf8_bin DEFAULT NULL,
  `PROC_INST_ID_` varchar(64) COLLATE utf8_bin DEFAULT NULL,
  `PROC_DEF_ID_` varchar(64) COLLATE utf8_bin DEFAULT NULL,
  `NAME_` varchar(255) COLLATE utf8_bin DEFAULT NULL,
  `PARENT_TASK_ID_` varchar(64) COLLATE utf8_bin DEFAULT NULL,
  `DESCRIPTION_` varchar(4000) COLLATE utf8_bin DEFAULT NULL,
  `TASK_DEF_KEY_` varchar(255) COLLATE utf8_bin DEFAULT NULL,
  `OWNER_` varchar(255) COLLATE utf8_bin DEFAULT NULL,
  `ASSIGNEE_` varchar(255) COLLATE utf8_bin DEFAULT NULL,
  `DELEGATION_` varchar(64) COLLATE utf8_bin DEFAULT NULL,
  `PRIORITY_` int(11) DEFAULT NULL,
  `CREATE_TIME_` timestamp NOT NULL DEFAULT CURRENT_TIMESTAMP ON UPDATE CURRENT_TIMESTAMP,
  `DUE_DATE_` datetime DEFAULT NULL,
  `SUSPENSION_STATE_` int(11) DEFAULT NULL,
  PRIMARY KEY (`ID_`),
  KEY `ACT_IDX_TASK_CREATE` (`CREATE_TIME_`),
  KEY `ACT_FK_TASK_EXE` (`EXECUTION_ID_`),
  KEY `ACT_FK_TASK_PROCINST` (`PROC_INST_ID_`),
  KEY `ACT_FK_TASK_PROCDEF` (`PROC_DEF_ID_`),
  CONSTRAINT `ACT_FK_TASK_EXE` FOREIGN KEY (`EXECUTION_ID_`) REFERENCES `act_ru_execution` (`ID_`),
  CONSTRAINT `ACT_FK_TASK_PROCDEF` FOREIGN KEY (`PROC_DEF_ID_`) REFERENCES `act_re_procdef` (`ID_`),
  CONSTRAINT `ACT_FK_TASK_PROCINST` FOREIGN KEY (`PROC_INST_ID_`) REFERENCES `act_ru_execution` (`ID_`)
) ENGINE=InnoDB DEFAULT CHARSET=utf8 COLLATE=utf8_bin;

-- ----------------------------
-- Records of act_ru_task
-- ----------------------------
INSERT INTO `act_ru_task` VALUES ('1028', '1', '1001', '1001', 'leave:1:4', '部门领导审批', null, null, 'deptLeaderAudit', null, null, null, '50', '2014-04-05 23:29:50', null, '1');
INSERT INTO `act_ru_task` VALUES ('305', '1', '15', '15', 'leave:1:4', '销假', null, null, 'reportBack', null, 'depman', null, '50', '2014-03-24 21:04:20', null, '1');
INSERT INTO `act_ru_task` VALUES ('847', '1', '801', '801', 'leave:1:4', '销假', null, null, 'reportBack', null, 'admin', null, '50', '2014-03-25 21:35:43', null, '1');
INSERT INTO `act_ru_task` VALUES ('909', '2', '901', '901', 'leave:1:4', '部门领导审批', null, null, 'deptLeaderAudit', null, 'depman', null, '50', '2014-03-27 13:40:14', null, '1');

-- ----------------------------
-- Table structure for act_ru_variable
-- ----------------------------
DROP TABLE IF EXISTS `act_ru_variable`;
CREATE TABLE `act_ru_variable` (
  `ID_` varchar(64) COLLATE utf8_bin NOT NULL,
  `REV_` int(11) DEFAULT NULL,
  `TYPE_` varchar(255) COLLATE utf8_bin NOT NULL,
  `NAME_` varchar(255) COLLATE utf8_bin NOT NULL,
  `EXECUTION_ID_` varchar(64) COLLATE utf8_bin DEFAULT NULL,
  `PROC_INST_ID_` varchar(64) COLLATE utf8_bin DEFAULT NULL,
  `TASK_ID_` varchar(64) COLLATE utf8_bin DEFAULT NULL,
  `BYTEARRAY_ID_` varchar(64) COLLATE utf8_bin DEFAULT NULL,
  `DOUBLE_` double DEFAULT NULL,
  `LONG_` bigint(20) DEFAULT NULL,
  `TEXT_` varchar(4000) COLLATE utf8_bin DEFAULT NULL,
  `TEXT2_` varchar(4000) COLLATE utf8_bin DEFAULT NULL,
  PRIMARY KEY (`ID_`),
  KEY `ACT_IDX_VARIABLE_TASK_ID` (`TASK_ID_`),
  KEY `ACT_FK_VAR_EXE` (`EXECUTION_ID_`),
  KEY `ACT_FK_VAR_PROCINST` (`PROC_INST_ID_`),
  KEY `ACT_FK_VAR_BYTEARRAY` (`BYTEARRAY_ID_`),
  CONSTRAINT `ACT_FK_VAR_BYTEARRAY` FOREIGN KEY (`BYTEARRAY_ID_`) REFERENCES `act_ge_bytearray` (`ID_`),
  CONSTRAINT `ACT_FK_VAR_EXE` FOREIGN KEY (`EXECUTION_ID_`) REFERENCES `act_ru_execution` (`ID_`),
  CONSTRAINT `ACT_FK_VAR_PROCINST` FOREIGN KEY (`PROC_INST_ID_`) REFERENCES `act_ru_execution` (`ID_`)
) ENGINE=InnoDB DEFAULT CHARSET=utf8 COLLATE=utf8_bin;

-- ----------------------------
-- Records of act_ru_variable
-- ----------------------------
INSERT INTO `act_ru_variable` VALUES ('1002', '1', 'string', 'applyUserId', '1001', '1001', null, null, null, null, 'admin', null);
INSERT INTO `act_ru_variable` VALUES ('1006', '1', 'string', 'sponsor', '1001', '1001', null, null, null, null, '超级管理员', null);
INSERT INTO `act_ru_variable` VALUES ('101', '1', 'boolean', 'deptLeaderPass', '15', '15', null, null, null, '1', null, null);
INSERT INTO `act_ru_variable` VALUES ('1012', '1', 'boolean', 'deptLeaderPass', '1001', '1001', null, null, null, '1', null, null);
INSERT INTO `act_ru_variable` VALUES ('1019', '1', 'boolean', 'hrPass', '1001', '1001', null, null, null, '0', null, null);
INSERT INTO `act_ru_variable` VALUES ('1024', '1', 'boolean', 'reApply', '1001', '1001', null, null, null, '1', null, null);
INSERT INTO `act_ru_variable` VALUES ('16', '1', 'string', 'applyUserId', '15', '15', null, null, null, null, 'depman', null);
INSERT INTO `act_ru_variable` VALUES ('20', '1', 'string', 'sponsor', '15', '15', null, null, null, null, '部门经理', null);
INSERT INTO `act_ru_variable` VALUES ('301', '1', 'boolean', 'hrPass', '15', '15', null, null, null, '1', null, null);
INSERT INTO `act_ru_variable` VALUES ('802', '1', 'string', 'applyUserId', '801', '801', null, null, null, null, 'admin', null);
INSERT INTO `act_ru_variable` VALUES ('806', '1', 'string', 'sponsor', '801', '801', null, null, null, null, '超级管理员', null);
INSERT INTO `act_ru_variable` VALUES ('812', '2', 'boolean', 'deptLeaderPass', '801', '801', null, null, null, '1', null, null);
INSERT INTO `act_ru_variable` VALUES ('817', '1', 'boolean', 'reApply', '801', '801', null, null, null, '1', null, null);
INSERT INTO `act_ru_variable` VALUES ('829', '2', 'boolean', 'hrPass', '801', '801', null, null, null, '1', null, null);
INSERT INTO `act_ru_variable` VALUES ('902', '1', 'string', 'applyUserId', '901', '901', null, null, null, null, 'admin', null);
INSERT INTO `act_ru_variable` VALUES ('906', '1', 'string', 'sponsor', '901', '901', null, null, null, null, '超级管理员', null);

-- ----------------------------
-- Table structure for finace
-- ----------------------------
DROP TABLE IF EXISTS `finace`;
CREATE TABLE `finace` (
  `id` bigint(20) NOT NULL AUTO_INCREMENT,
  `content` varchar(255) DEFAULT NULL,
  `inorout` int(11) NOT NULL,
  `money` double NOT NULL,
  `name` varchar(255) DEFAULT NULL,
  `time` datetime DEFAULT NULL,
  `type` varchar(255) DEFAULT NULL,
  PRIMARY KEY (`id`)
) ENGINE=InnoDB AUTO_INCREMENT=10 DEFAULT CHARSET=utf8;

-- ----------------------------
-- Records of finace
-- ----------------------------
INSERT INTO `finace` VALUES ('2', '中午在王姐饭店吃饭花了10元', '0', '10', '午饭', '2014-04-05 12:00:00', '生活');
INSERT INTO `finace` VALUES ('3', '买了包烟10元', '0', '18', '买烟', '2014-04-05 12:20:00', '生活');
INSERT INTO `finace` VALUES ('4', '速冻饺子15元', '0', '15', '速冻饺子', '2014-04-05 12:20:00', '生活');
INSERT INTO `finace` VALUES ('6', '测试用的数据', '1', '3.506', '测试1', '2014-04-05 21:50:00', '学习');
INSERT INTO `finace` VALUES ('7', '中奖500w', '1', '5000000', '彩票中奖', '2014-04-06 23:10:00', '生活');
INSERT INTO `finace` VALUES ('8', '出去成都大学耍一天一共花了30元', '0', '30', '出去耍', '2014-04-06 12:00:00', '生活');
INSERT INTO `finace` VALUES ('9', '工资领了6000元', '1', '6000', '工资', '2014-03-15 00:00:00', '工作');

-- ----------------------------
-- Table structure for oa_leave
-- ----------------------------
DROP TABLE IF EXISTS `oa_leave`;
CREATE TABLE `oa_leave` (
  `id` bigint(20) NOT NULL AUTO_INCREMENT,
  `endTime` datetime DEFAULT NULL,
  `leaveDays` double DEFAULT NULL,
  `leaveType` varchar(255) DEFAULT NULL,
  `processInstanceId` varchar(255) DEFAULT NULL,
  `reason` varchar(255) DEFAULT NULL,
  `sponsorLoginId` varchar(255) DEFAULT NULL,
  `startTime` datetime DEFAULT NULL,
  `depAuditOpinion` varchar(255) DEFAULT NULL,
  `hrAuditOpinion` varchar(255) DEFAULT NULL,
  PRIMARY KEY (`id`)
) ENGINE=InnoDB AUTO_INCREMENT=8 DEFAULT CHARSET=utf8;

-- ----------------------------
-- Records of oa_leave
-- ----------------------------
INSERT INTO `oa_leave` VALUES ('2', '2014-03-06 09:03:00', '1', '事假', '5', 'rrrrrrrrrr', null, '2014-03-12 09:03:00', '不行', '');
INSERT INTO `oa_leave` VALUES ('3', '2014-03-11 00:00:00', '2', '事假', '15', '22222', 'depman', '2014-02-26 00:00:00', '批准', '同意，请合理安排时间');
INSERT INTO `oa_leave` VALUES ('4', '2014-03-12 00:00:00', '8', '事假', '113', '面试', null, '2014-03-04 00:00:00', '肯定不同意', '');
INSERT INTO `oa_leave` VALUES ('5', '2014-03-01 00:03:44', '11', '霸王假', '801', '22222', null, '2014-03-01 00:03:44', '好', '就这样');
INSERT INTO `oa_leave` VALUES ('6', '2014-03-21 10:50:00', '6', '事假', '901', '66666', 'admin', '2014-03-12 00:00:00', null, null);
INSERT INTO `oa_leave` VALUES ('7', '2014-04-06 10:50:00', '1', '事假', '1001', '我有检查证明', null, '2014-04-05 23:15:00', '好，可以，身体是革命的本钱', '不行，你肯定是装的');

-- ----------------------------
-- Table structure for sys_icon
-- ----------------------------
DROP TABLE IF EXISTS `sys_icon`;
CREATE TABLE `sys_icon` (
  `id` bigint(20) NOT NULL AUTO_INCREMENT,
  `description` varchar(255) DEFAULT NULL,
  `mark` varchar(255) DEFAULT NULL,
  `type` varchar(255) DEFAULT NULL,
  PRIMARY KEY (`id`),
  UNIQUE KEY `mark_UNIQUE` (`mark`)
) ENGINE=InnoDB AUTO_INCREMENT=364 DEFAULT CHARSET=utf8;

-- ----------------------------
-- Records of sys_icon
-- ----------------------------
INSERT INTO `sys_icon` VALUES ('1', null, 'icon-adjust', 'css');
INSERT INTO `sys_icon` VALUES ('2', null, 'icon-exclamation-sign', 'css');
INSERT INTO `sys_icon` VALUES ('3', null, 'icon-money', 'css');
INSERT INTO `sys_icon` VALUES ('4', null, 'icon-signal', 'css');
INSERT INTO `sys_icon` VALUES ('5', null, 'icon-asterisk', 'css');
INSERT INTO `sys_icon` VALUES ('6', null, 'icon-external-link', 'css');
INSERT INTO `sys_icon` VALUES ('7', null, 'icon-move', 'css');
INSERT INTO `sys_icon` VALUES ('8', null, 'icon-signin', 'css');
INSERT INTO `sys_icon` VALUES ('9', null, 'icon-ban-circle', 'css');
INSERT INTO `sys_icon` VALUES ('10', null, 'icon-eye-close', 'css');
INSERT INTO `sys_icon` VALUES ('11', null, 'icon-music', 'css');
INSERT INTO `sys_icon` VALUES ('12', null, 'icon-signout', 'css');
INSERT INTO `sys_icon` VALUES ('13', null, 'icon-bar-chart', 'css');
INSERT INTO `sys_icon` VALUES ('14', null, 'icon-eye-open', 'css');
INSERT INTO `sys_icon` VALUES ('15', null, 'icon-off', 'css');
INSERT INTO `sys_icon` VALUES ('16', null, 'icon-sitemap', 'css');
INSERT INTO `sys_icon` VALUES ('20', null, 'icon-barcode', 'css');
INSERT INTO `sys_icon` VALUES ('21', null, 'icon-facetime-video', 'css');
INSERT INTO `sys_icon` VALUES ('22', null, 'icon-ok', 'css');
INSERT INTO `sys_icon` VALUES ('23', null, 'icon-sort', 'css');
INSERT INTO `sys_icon` VALUES ('24', null, 'icon-beaker', 'css');
INSERT INTO `sys_icon` VALUES ('25', null, 'icon-film', 'css');
INSERT INTO `sys_icon` VALUES ('26', null, 'icon-ok-circle', 'css');
INSERT INTO `sys_icon` VALUES ('27', null, 'icon-sort-down', 'css');
INSERT INTO `sys_icon` VALUES ('28', null, 'icon-bell', 'css');
INSERT INTO `sys_icon` VALUES ('29', null, 'icon-filter', 'css');
INSERT INTO `sys_icon` VALUES ('30', null, 'icon-ok-sign', 'css');
INSERT INTO `sys_icon` VALUES ('31', null, 'icon-sort-up', 'css');
INSERT INTO `sys_icon` VALUES ('32', null, ' icon-bolt', 'css');
INSERT INTO `sys_icon` VALUES ('33', null, 'icon-fire', 'css');
INSERT INTO `sys_icon` VALUES ('34', null, 'icon-pencil', 'css');
INSERT INTO `sys_icon` VALUES ('35', null, 'icon-star', 'css');
INSERT INTO `sys_icon` VALUES ('36', null, 'icon-book', 'css');
INSERT INTO `sys_icon` VALUES ('37', null, 'icon-flag', 'css');
INSERT INTO `sys_icon` VALUES ('38', null, 'icon-picture', 'css');
INSERT INTO `sys_icon` VALUES ('39', null, 'icon-star-empty', 'css');
INSERT INTO `sys_icon` VALUES ('40', null, 'icon-bookmark', 'css');
INSERT INTO `sys_icon` VALUES ('41', null, 'icon-folder-close', 'css');
INSERT INTO `sys_icon` VALUES ('42', null, 'icon-plane', 'css');
INSERT INTO `sys_icon` VALUES ('43', null, 'icon-star-half', 'css');
INSERT INTO `sys_icon` VALUES ('44', null, 'icon-bookmark-empty', 'css');
INSERT INTO `sys_icon` VALUES ('45', null, 'icon-folder-open', 'css');
INSERT INTO `sys_icon` VALUES ('46', null, 'icon-plus', 'css');
INSERT INTO `sys_icon` VALUES ('47', null, 'icon-tag', 'css');
INSERT INTO `sys_icon` VALUES ('48', null, 'icon-briefcase', 'css');
INSERT INTO `sys_icon` VALUES ('49', null, 'icon-gift', 'css');
INSERT INTO `sys_icon` VALUES ('50', null, 'icon-plus-sign', 'css');
INSERT INTO `sys_icon` VALUES ('51', null, 'icon-tags', 'css');
INSERT INTO `sys_icon` VALUES ('52', null, 'icon-bullhorn', 'css');
INSERT INTO `sys_icon` VALUES ('53', null, 'icon-glass', 'css');
INSERT INTO `sys_icon` VALUES ('54', null, 'icon-print', 'css');
INSERT INTO `sys_icon` VALUES ('55', null, 'icon-tasks', 'css');
INSERT INTO `sys_icon` VALUES ('56', null, 'icon-calendar', 'css');
INSERT INTO `sys_icon` VALUES ('57', null, 'icon-globe', 'css');
INSERT INTO `sys_icon` VALUES ('58', null, 'icon-pushpin', 'css');
INSERT INTO `sys_icon` VALUES ('59', null, 'icon-thumbs-down', 'css');
INSERT INTO `sys_icon` VALUES ('60', null, 'icon-camera', 'css');
INSERT INTO `sys_icon` VALUES ('61', null, 'icon-group', 'css');
INSERT INTO `sys_icon` VALUES ('62', null, 'icon-qrcode', 'css');
INSERT INTO `sys_icon` VALUES ('63', null, 'icon-thumbs-up', 'css');
INSERT INTO `sys_icon` VALUES ('64', null, 'icon-camera-retro', 'css');
INSERT INTO `sys_icon` VALUES ('65', null, 'icon-certificate', 'css');
INSERT INTO `sys_icon` VALUES ('66', null, 'icon-check', 'css');
INSERT INTO `sys_icon` VALUES ('67', null, 'icon-check-empty', 'css');
INSERT INTO `sys_icon` VALUES ('68', null, 'icon-cloud', 'css');
INSERT INTO `sys_icon` VALUES ('69', null, 'icon-cog', 'css');
INSERT INTO `sys_icon` VALUES ('70', null, 'icon-cogs', 'css');
INSERT INTO `sys_icon` VALUES ('71', null, 'icon-comment', 'css');
INSERT INTO `sys_icon` VALUES ('72', null, 'icon-comment-alt', 'css');
INSERT INTO `sys_icon` VALUES ('73', null, 'icon-comments', 'css');
INSERT INTO `sys_icon` VALUES ('74', null, 'icon-comments-alt', 'css');
INSERT INTO `sys_icon` VALUES ('75', null, 'icon-credit-card', 'css');
INSERT INTO `sys_icon` VALUES ('76', null, 'icon-dashboard', 'css');
INSERT INTO `sys_icon` VALUES ('77', null, 'icon-download', 'css');
INSERT INTO `sys_icon` VALUES ('78', null, 'icon-download-alt', 'css');
INSERT INTO `sys_icon` VALUES ('79', null, 'icon-edit', 'css');
INSERT INTO `sys_icon` VALUES ('80', null, 'icon-envelope', 'css');
INSERT INTO `sys_icon` VALUES ('81', null, 'icon-envelope-alt', 'css');
INSERT INTO `sys_icon` VALUES ('82', null, 'icon-hdd', 'css');
INSERT INTO `sys_icon` VALUES ('83', null, 'icon-headphones', 'css');
INSERT INTO `sys_icon` VALUES ('84', null, 'icon-heart', 'css');
INSERT INTO `sys_icon` VALUES ('85', null, 'icon-heart-empty', 'css');
INSERT INTO `sys_icon` VALUES ('86', null, 'icon-home', 'css');
INSERT INTO `sys_icon` VALUES ('87', null, 'icon-inbox', 'css');
INSERT INTO `sys_icon` VALUES ('88', null, 'icon-info-sign', 'css');
INSERT INTO `sys_icon` VALUES ('89', null, 'icon-key', 'css');
INSERT INTO `sys_icon` VALUES ('90', null, 'icon-leaf', 'css');
INSERT INTO `sys_icon` VALUES ('91', null, 'icon-legal', 'css');
INSERT INTO `sys_icon` VALUES ('92', null, 'icon-lemon', 'css');
INSERT INTO `sys_icon` VALUES ('93', null, 'icon-lock', 'css');
INSERT INTO `sys_icon` VALUES ('94', null, 'icon-unlock', 'css');
INSERT INTO `sys_icon` VALUES ('95', null, 'icon-magic', 'css');
INSERT INTO `sys_icon` VALUES ('96', null, 'icon-magnet', 'css');
INSERT INTO `sys_icon` VALUES ('97', null, 'icon-map-marker', 'css');
INSERT INTO `sys_icon` VALUES ('98', null, 'icon-minus', 'css');
INSERT INTO `sys_icon` VALUES ('99', null, 'icon-minus-sign', 'css');
INSERT INTO `sys_icon` VALUES ('100', null, 'icon-question-sign', 'css');
INSERT INTO `sys_icon` VALUES ('101', null, 'icon-random', 'css');
INSERT INTO `sys_icon` VALUES ('102', null, 'icon-refresh', 'css');
INSERT INTO `sys_icon` VALUES ('103', null, 'icon-remove', 'css');
INSERT INTO `sys_icon` VALUES ('104', null, 'icon-remove-circle', 'css');
INSERT INTO `sys_icon` VALUES ('105', null, 'icon-remove-sign', 'css');
INSERT INTO `sys_icon` VALUES ('106', null, 'icon-reorder', 'css');
INSERT INTO `sys_icon` VALUES ('107', null, 'icon-resize-horizontal', 'css');
INSERT INTO `sys_icon` VALUES ('108', null, 'icon-resize-vertical', 'css');
INSERT INTO `sys_icon` VALUES ('109', null, 'icon-retweet', 'css');
INSERT INTO `sys_icon` VALUES ('110', null, 'icon-road', 'css');
INSERT INTO `sys_icon` VALUES ('111', null, 'icon-rss', 'css');
INSERT INTO `sys_icon` VALUES ('112', null, 'icon-screenshot', 'css');
INSERT INTO `sys_icon` VALUES ('113', null, 'icon-search', 'css');
INSERT INTO `sys_icon` VALUES ('114', null, 'icon-share', 'css');
INSERT INTO `sys_icon` VALUES ('115', null, 'icon-share-alt', 'css');
INSERT INTO `sys_icon` VALUES ('116', null, 'icon-shopping-cart', 'css');
INSERT INTO `sys_icon` VALUES ('117', null, 'icon-time', 'css');
INSERT INTO `sys_icon` VALUES ('118', null, 'icon-tint', 'css');
INSERT INTO `sys_icon` VALUES ('119', null, 'icon-trash', 'css');
INSERT INTO `sys_icon` VALUES ('120', null, 'icon-trophy', 'css');
INSERT INTO `sys_icon` VALUES ('121', null, 'icon-truck', 'css');
INSERT INTO `sys_icon` VALUES ('122', null, 'icon-umbrella', 'css');
INSERT INTO `sys_icon` VALUES ('123', null, 'icon-upload', 'css');
INSERT INTO `sys_icon` VALUES ('124', null, 'icon-upload-alt', 'css');
INSERT INTO `sys_icon` VALUES ('125', null, 'icon-user', 'css');
INSERT INTO `sys_icon` VALUES ('126', null, 'icon-user-md', 'css');
INSERT INTO `sys_icon` VALUES ('127', null, 'icon-volume-off', 'css');
INSERT INTO `sys_icon` VALUES ('128', null, 'icon-volume-down', 'css');
INSERT INTO `sys_icon` VALUES ('129', null, 'icon-volume-up', 'css');
INSERT INTO `sys_icon` VALUES ('130', null, 'icon-warning-sign', 'css');
INSERT INTO `sys_icon` VALUES ('131', null, 'icon-wrench', 'css');
INSERT INTO `sys_icon` VALUES ('132', null, 'icon-zoom-in', 'css');
INSERT INTO `sys_icon` VALUES ('133', null, 'icon-zoom-out', 'css');
INSERT INTO `sys_icon` VALUES ('134', null, 'ztree_edit', 'png');
INSERT INTO `sys_icon` VALUES ('135', null, 'ztree_root_close', 'png');
INSERT INTO `sys_icon` VALUES ('136', null, 'ztree_root_open', 'png');
INSERT INTO `sys_icon` VALUES ('137', null, 'ztree_star', 'png');
INSERT INTO `sys_icon` VALUES ('138', null, 'ztree_calendar', 'png');
INSERT INTO `sys_icon` VALUES ('139', null, 'ztree_heart', 'png');
INSERT INTO `sys_icon` VALUES ('140', null, 'ztree_save', 'png');
INSERT INTO `sys_icon` VALUES ('141', null, 'ztree_msg', 'png');
INSERT INTO `sys_icon` VALUES ('142', null, 'ztree_report', 'png');
INSERT INTO `sys_icon` VALUES ('143', null, 'ztree_setting', 'png');
INSERT INTO `sys_icon` VALUES ('148', null, 'ztree_folder_open', 'png');
INSERT INTO `sys_icon` VALUES ('149', null, 'ztree_folder_close', 'png');
INSERT INTO `sys_icon` VALUES ('150', null, 'ztree_file2', 'png');
INSERT INTO `sys_icon` VALUES ('151', null, 'ztree_edit2', 'png');
INSERT INTO `sys_icon` VALUES ('152', null, 'ztree_delete', 'png');
INSERT INTO `sys_icon` VALUES ('153', null, 'ztree_arrow', 'png');
INSERT INTO `sys_icon` VALUES ('154', null, 'ztree_plus', 'png');
INSERT INTO `sys_icon` VALUES ('155', null, 'ztree_minus', 'png');
INSERT INTO `sys_icon` VALUES ('156', null, 'ztree_add', 'png');
INSERT INTO `sys_icon` VALUES ('157', null, 'ztree_cicle_arrow_left1', 'png');
INSERT INTO `sys_icon` VALUES ('158', null, 'ztree_cicle_arrow_right1', 'png');
INSERT INTO `sys_icon` VALUES ('159', null, 'ztree_cicle_arrow_left2', 'png');
INSERT INTO `sys_icon` VALUES ('160', null, 'ztree_cicle_arrow_right2', 'png');
INSERT INTO `sys_icon` VALUES ('161', null, 'ztree_cicle_arrow', 'png');
INSERT INTO `sys_icon` VALUES ('162', null, 'ztree_star_light', 'png');
INSERT INTO `sys_icon` VALUES ('163', null, 'ztree_star_dark', 'png');
INSERT INTO `sys_icon` VALUES ('164', null, 'diy_icon_01_01', 'png');
INSERT INTO `sys_icon` VALUES ('165', null, 'diy_icon_01_02', 'png');
INSERT INTO `sys_icon` VALUES ('166', null, 'diy_icon_01_03', 'png');
INSERT INTO `sys_icon` VALUES ('167', null, 'diy_icon_01_04', 'png');
INSERT INTO `sys_icon` VALUES ('168', null, 'diy_icon_01_05', 'png');
INSERT INTO `sys_icon` VALUES ('169', null, 'diy_icon_01_06', 'png');
INSERT INTO `sys_icon` VALUES ('170', null, 'diy_icon_01_07', 'png');
INSERT INTO `sys_icon` VALUES ('171', null, 'diy_icon_01_08', 'png');
INSERT INTO `sys_icon` VALUES ('172', null, 'diy_icon_01_09', 'png');
INSERT INTO `sys_icon` VALUES ('173', null, 'diy_icon_01_10', 'png');
INSERT INTO `sys_icon` VALUES ('174', null, 'diy_icon_01_11', 'png');
INSERT INTO `sys_icon` VALUES ('175', null, 'diy_icon_01_12', 'png');
INSERT INTO `sys_icon` VALUES ('176', null, 'diy_icon_01_13', 'png');
INSERT INTO `sys_icon` VALUES ('177', null, 'diy_icon_01_14', 'png');
INSERT INTO `sys_icon` VALUES ('178', null, 'diy_icon_01_15', 'png');
INSERT INTO `sys_icon` VALUES ('179', null, 'diy_icon_01_16', 'png');
INSERT INTO `sys_icon` VALUES ('180', null, 'diy_icon_01_17', 'png');
INSERT INTO `sys_icon` VALUES ('181', null, 'diy_icon_01_18', 'png');
INSERT INTO `sys_icon` VALUES ('182', null, 'diy_icon_01_19', 'png');
INSERT INTO `sys_icon` VALUES ('183', null, 'diy_icon_01_20', 'png');
INSERT INTO `sys_icon` VALUES ('184', null, 'diy_icon_01_21', 'png');
INSERT INTO `sys_icon` VALUES ('185', null, 'diy_icon_01_22', 'png');
INSERT INTO `sys_icon` VALUES ('186', null, 'diy_icon_01_23', 'png');
INSERT INTO `sys_icon` VALUES ('187', null, 'diy_icon_01_24', 'png');
INSERT INTO `sys_icon` VALUES ('188', null, 'diy_icon_01_25', 'png');
INSERT INTO `sys_icon` VALUES ('189', null, 'diy_icon_01_26', 'png');
INSERT INTO `sys_icon` VALUES ('190', null, 'diy_icon_01_27', 'png');
INSERT INTO `sys_icon` VALUES ('191', null, 'diy_icon_01_28', 'png');
INSERT INTO `sys_icon` VALUES ('192', null, 'diy_icon_01_29', 'png');
INSERT INTO `sys_icon` VALUES ('193', null, 'diy_icon_01_30', 'png');
INSERT INTO `sys_icon` VALUES ('194', null, 'diy_icon_01_31', 'png');
INSERT INTO `sys_icon` VALUES ('195', null, 'diy_icon_01_32', 'png');
INSERT INTO `sys_icon` VALUES ('196', null, 'diy_icon_01_33', 'png');
INSERT INTO `sys_icon` VALUES ('197', null, 'diy_icon_01_34', 'png');
INSERT INTO `sys_icon` VALUES ('198', null, 'diy_icon_01_35', 'png');
INSERT INTO `sys_icon` VALUES ('199', null, 'diy_icon_01_36', 'png');
INSERT INTO `sys_icon` VALUES ('200', null, 'diy_icon_01_37', 'png');
INSERT INTO `sys_icon` VALUES ('201', null, 'diy_icon_01_38', 'png');
INSERT INTO `sys_icon` VALUES ('202', null, 'diy_icon_01_39', 'png');
INSERT INTO `sys_icon` VALUES ('203', null, 'diy_icon_01_40', 'png');
INSERT INTO `sys_icon` VALUES ('204', null, 'diy_icon_01_41', 'png');
INSERT INTO `sys_icon` VALUES ('205', null, 'diy_icon_01_42', 'png');
INSERT INTO `sys_icon` VALUES ('206', null, 'diy_icon_01_43', 'png');
INSERT INTO `sys_icon` VALUES ('207', null, 'diy_icon_01_44', 'png');
INSERT INTO `sys_icon` VALUES ('208', null, 'diy_icon_01_45', 'png');
INSERT INTO `sys_icon` VALUES ('209', null, 'diy_icon_01_46', 'png');
INSERT INTO `sys_icon` VALUES ('210', null, 'diy_icon_01_47', 'png');
INSERT INTO `sys_icon` VALUES ('211', null, 'diy_icon_01_48', 'png');
INSERT INTO `sys_icon` VALUES ('212', null, 'diy_icon_01_49', 'png');
INSERT INTO `sys_icon` VALUES ('213', null, 'diy_icon_01_50', 'png');
INSERT INTO `sys_icon` VALUES ('214', null, 'diy_icon_02_01', 'png');
INSERT INTO `sys_icon` VALUES ('215', null, 'diy_icon_02_02', 'png');
INSERT INTO `sys_icon` VALUES ('216', null, 'diy_icon_02_03', 'png');
INSERT INTO `sys_icon` VALUES ('217', null, 'diy_icon_02_04', 'png');
INSERT INTO `sys_icon` VALUES ('218', null, 'diy_icon_02_05', 'png');
INSERT INTO `sys_icon` VALUES ('219', null, 'diy_icon_02_06', 'png');
INSERT INTO `sys_icon` VALUES ('220', null, 'diy_icon_02_07', 'png');
INSERT INTO `sys_icon` VALUES ('221', null, 'diy_icon_02_08', 'png');
INSERT INTO `sys_icon` VALUES ('222', null, 'diy_icon_02_09', 'png');
INSERT INTO `sys_icon` VALUES ('223', null, 'diy_icon_02_10', 'png');
INSERT INTO `sys_icon` VALUES ('224', null, 'diy_icon_02_11', 'png');
INSERT INTO `sys_icon` VALUES ('225', null, 'diy_icon_02_12', 'png');
INSERT INTO `sys_icon` VALUES ('226', null, 'diy_icon_02_13', 'png');
INSERT INTO `sys_icon` VALUES ('227', null, 'diy_icon_02_14', 'png');
INSERT INTO `sys_icon` VALUES ('228', null, 'diy_icon_02_15', 'png');
INSERT INTO `sys_icon` VALUES ('229', null, 'diy_icon_02_16', 'png');
INSERT INTO `sys_icon` VALUES ('230', null, 'diy_icon_02_17', 'png');
INSERT INTO `sys_icon` VALUES ('231', null, 'diy_icon_02_18', 'png');
INSERT INTO `sys_icon` VALUES ('232', null, 'diy_icon_02_19', 'png');
INSERT INTO `sys_icon` VALUES ('233', null, 'diy_icon_02_20', 'png');
INSERT INTO `sys_icon` VALUES ('234', null, 'diy_icon_02_21', 'png');
INSERT INTO `sys_icon` VALUES ('235', null, 'diy_icon_02_22', 'png');
INSERT INTO `sys_icon` VALUES ('236', null, 'diy_icon_02_23', 'png');
INSERT INTO `sys_icon` VALUES ('237', null, 'diy_icon_02_24', 'png');
INSERT INTO `sys_icon` VALUES ('238', null, 'diy_icon_02_25', 'png');
INSERT INTO `sys_icon` VALUES ('239', null, 'diy_icon_02_26', 'png');
INSERT INTO `sys_icon` VALUES ('240', null, 'diy_icon_02_27', 'png');
INSERT INTO `sys_icon` VALUES ('241', null, 'diy_icon_02_28', 'png');
INSERT INTO `sys_icon` VALUES ('242', null, 'diy_icon_02_29', 'png');
INSERT INTO `sys_icon` VALUES ('243', null, 'diy_icon_02_30', 'png');
INSERT INTO `sys_icon` VALUES ('244', null, 'diy_icon_02_31', 'png');
INSERT INTO `sys_icon` VALUES ('245', null, 'diy_icon_02_32', 'png');
INSERT INTO `sys_icon` VALUES ('246', null, 'diy_icon_02_33', 'png');
INSERT INTO `sys_icon` VALUES ('247', null, 'diy_icon_02_34', 'png');
INSERT INTO `sys_icon` VALUES ('248', null, 'diy_icon_02_35', 'png');
INSERT INTO `sys_icon` VALUES ('249', null, 'diy_icon_02_36', 'png');
INSERT INTO `sys_icon` VALUES ('250', null, 'diy_icon_02_37', 'png');
INSERT INTO `sys_icon` VALUES ('251', null, 'diy_icon_02_38', 'png');
INSERT INTO `sys_icon` VALUES ('252', null, 'diy_icon_02_39', 'png');
INSERT INTO `sys_icon` VALUES ('253', null, 'diy_icon_02_40', 'png');
INSERT INTO `sys_icon` VALUES ('254', null, 'diy_icon_02_41', 'png');
INSERT INTO `sys_icon` VALUES ('255', null, 'diy_icon_02_42', 'png');
INSERT INTO `sys_icon` VALUES ('256', null, 'diy_icon_02_43', 'png');
INSERT INTO `sys_icon` VALUES ('257', null, 'diy_icon_02_44', 'png');
INSERT INTO `sys_icon` VALUES ('258', null, 'diy_icon_02_45', 'png');
INSERT INTO `sys_icon` VALUES ('259', null, 'diy_icon_02_46', 'png');
INSERT INTO `sys_icon` VALUES ('260', null, 'diy_icon_02_47', 'png');
INSERT INTO `sys_icon` VALUES ('261', null, 'diy_icon_02_48', 'png');
INSERT INTO `sys_icon` VALUES ('262', null, 'diy_icon_02_49', 'png');
INSERT INTO `sys_icon` VALUES ('263', null, 'diy_icon_02_50', 'png');
INSERT INTO `sys_icon` VALUES ('264', null, 'diy_icon_03_01', 'png');
INSERT INTO `sys_icon` VALUES ('265', null, 'diy_icon_03_02', 'png');
INSERT INTO `sys_icon` VALUES ('266', null, 'diy_icon_03_03', 'png');
INSERT INTO `sys_icon` VALUES ('267', null, 'diy_icon_03_04', 'png');
INSERT INTO `sys_icon` VALUES ('268', null, 'diy_icon_03_05', 'png');
INSERT INTO `sys_icon` VALUES ('269', null, 'diy_icon_03_06', 'png');
INSERT INTO `sys_icon` VALUES ('270', null, 'diy_icon_03_07', 'png');
INSERT INTO `sys_icon` VALUES ('271', null, 'diy_icon_03_08', 'png');
INSERT INTO `sys_icon` VALUES ('272', null, 'diy_icon_03_09', 'png');
INSERT INTO `sys_icon` VALUES ('273', null, 'diy_icon_03_10', 'png');
INSERT INTO `sys_icon` VALUES ('274', null, 'diy_icon_03_11', 'png');
INSERT INTO `sys_icon` VALUES ('275', null, 'diy_icon_03_12', 'png');
INSERT INTO `sys_icon` VALUES ('276', null, 'diy_icon_03_13', 'png');
INSERT INTO `sys_icon` VALUES ('277', null, 'diy_icon_03_14', 'png');
INSERT INTO `sys_icon` VALUES ('278', null, 'diy_icon_03_15', 'png');
INSERT INTO `sys_icon` VALUES ('279', null, 'diy_icon_03_16', 'png');
INSERT INTO `sys_icon` VALUES ('280', null, 'diy_icon_03_17', 'png');
INSERT INTO `sys_icon` VALUES ('281', null, 'diy_icon_03_18', 'png');
INSERT INTO `sys_icon` VALUES ('282', null, 'diy_icon_03_19', 'png');
INSERT INTO `sys_icon` VALUES ('283', null, 'diy_icon_03_20', 'png');
INSERT INTO `sys_icon` VALUES ('284', null, 'diy_icon_03_21', 'png');
INSERT INTO `sys_icon` VALUES ('285', null, 'diy_icon_03_22', 'png');
INSERT INTO `sys_icon` VALUES ('286', null, 'diy_icon_03_23', 'png');
INSERT INTO `sys_icon` VALUES ('287', null, 'diy_icon_03_24', 'png');
INSERT INTO `sys_icon` VALUES ('288', null, 'diy_icon_03_25', 'png');
INSERT INTO `sys_icon` VALUES ('289', null, 'diy_icon_03_26', 'png');
INSERT INTO `sys_icon` VALUES ('290', null, 'diy_icon_03_27', 'png');
INSERT INTO `sys_icon` VALUES ('291', null, 'diy_icon_03_28', 'png');
INSERT INTO `sys_icon` VALUES ('292', null, 'diy_icon_03_29', 'png');
INSERT INTO `sys_icon` VALUES ('293', null, 'diy_icon_03_30', 'png');
INSERT INTO `sys_icon` VALUES ('294', null, 'diy_icon_03_31', 'png');
INSERT INTO `sys_icon` VALUES ('295', null, 'diy_icon_03_32', 'png');
INSERT INTO `sys_icon` VALUES ('296', null, 'diy_icon_03_33', 'png');
INSERT INTO `sys_icon` VALUES ('297', null, 'diy_icon_03_34', 'png');
INSERT INTO `sys_icon` VALUES ('298', null, 'diy_icon_03_35', 'png');
INSERT INTO `sys_icon` VALUES ('299', null, 'diy_icon_03_36', 'png');
INSERT INTO `sys_icon` VALUES ('300', null, 'diy_icon_03_37', 'png');
INSERT INTO `sys_icon` VALUES ('301', null, 'diy_icon_03_38', 'png');
INSERT INTO `sys_icon` VALUES ('302', null, 'diy_icon_03_39', 'png');
INSERT INTO `sys_icon` VALUES ('303', null, 'diy_icon_03_40', 'png');
INSERT INTO `sys_icon` VALUES ('304', null, 'diy_icon_03_41', 'png');
INSERT INTO `sys_icon` VALUES ('305', null, 'diy_icon_03_42', 'png');
INSERT INTO `sys_icon` VALUES ('306', null, 'diy_icon_03_43', 'png');
INSERT INTO `sys_icon` VALUES ('307', null, 'diy_icon_03_44', 'png');
INSERT INTO `sys_icon` VALUES ('308', null, 'diy_icon_03_45', 'png');
INSERT INTO `sys_icon` VALUES ('309', null, 'diy_icon_03_46', 'png');
INSERT INTO `sys_icon` VALUES ('310', null, 'diy_icon_03_47', 'png');
INSERT INTO `sys_icon` VALUES ('311', null, 'diy_icon_03_48', 'png');
INSERT INTO `sys_icon` VALUES ('312', null, 'diy_icon_03_49', 'png');
INSERT INTO `sys_icon` VALUES ('313', null, 'diy_icon_03_50', 'png');
INSERT INTO `sys_icon` VALUES ('314', null, 'diy_icon_04_01', 'png');
INSERT INTO `sys_icon` VALUES ('315', null, 'diy_icon_04_02', 'png');
INSERT INTO `sys_icon` VALUES ('316', null, 'diy_icon_04_03', 'png');
INSERT INTO `sys_icon` VALUES ('317', null, 'diy_icon_04_04', 'png');
INSERT INTO `sys_icon` VALUES ('318', null, 'diy_icon_04_05', 'png');
INSERT INTO `sys_icon` VALUES ('319', null, 'diy_icon_04_06', 'png');
INSERT INTO `sys_icon` VALUES ('320', null, 'diy_icon_04_07', 'png');
INSERT INTO `sys_icon` VALUES ('321', null, 'diy_icon_04_08', 'png');
INSERT INTO `sys_icon` VALUES ('322', null, 'diy_icon_04_09', 'png');
INSERT INTO `sys_icon` VALUES ('323', null, 'diy_icon_04_10', 'png');
INSERT INTO `sys_icon` VALUES ('324', null, 'diy_icon_04_11', 'png');
INSERT INTO `sys_icon` VALUES ('325', null, 'diy_icon_04_12', 'png');
INSERT INTO `sys_icon` VALUES ('326', null, 'diy_icon_04_13', 'png');
INSERT INTO `sys_icon` VALUES ('327', null, 'diy_icon_04_14', 'png');
INSERT INTO `sys_icon` VALUES ('328', null, 'diy_icon_04_15', 'png');
INSERT INTO `sys_icon` VALUES ('329', null, 'diy_icon_04_16', 'png');
INSERT INTO `sys_icon` VALUES ('330', null, 'diy_icon_04_17', 'png');
INSERT INTO `sys_icon` VALUES ('331', null, 'diy_icon_04_18', 'png');
INSERT INTO `sys_icon` VALUES ('332', null, 'diy_icon_04_19', 'png');
INSERT INTO `sys_icon` VALUES ('333', null, 'diy_icon_04_20', 'png');
INSERT INTO `sys_icon` VALUES ('334', null, 'diy_icon_04_21', 'png');
INSERT INTO `sys_icon` VALUES ('335', null, 'diy_icon_04_22', 'png');
INSERT INTO `sys_icon` VALUES ('336', null, 'diy_icon_04_23', 'png');
INSERT INTO `sys_icon` VALUES ('337', null, 'diy_icon_04_24', 'png');
INSERT INTO `sys_icon` VALUES ('338', null, 'diy_icon_04_25', 'png');
INSERT INTO `sys_icon` VALUES ('339', null, 'diy_icon_04_26', 'png');
INSERT INTO `sys_icon` VALUES ('340', null, 'diy_icon_04_27', 'png');
INSERT INTO `sys_icon` VALUES ('341', null, 'diy_icon_04_28', 'png');
INSERT INTO `sys_icon` VALUES ('342', null, 'diy_icon_04_29', 'png');
INSERT INTO `sys_icon` VALUES ('343', null, 'diy_icon_04_30', 'png');
INSERT INTO `sys_icon` VALUES ('344', null, 'diy_icon_04_31', 'png');
INSERT INTO `sys_icon` VALUES ('345', null, 'diy_icon_04_32', 'png');
INSERT INTO `sys_icon` VALUES ('346', null, 'diy_icon_04_33', 'png');
INSERT INTO `sys_icon` VALUES ('347', null, 'diy_icon_04_34', 'png');
INSERT INTO `sys_icon` VALUES ('348', null, 'diy_icon_04_35', 'png');
INSERT INTO `sys_icon` VALUES ('349', null, 'diy_icon_04_36', 'png');
INSERT INTO `sys_icon` VALUES ('350', null, 'diy_icon_04_37', 'png');
INSERT INTO `sys_icon` VALUES ('351', null, 'diy_icon_04_38', 'png');
INSERT INTO `sys_icon` VALUES ('352', null, 'diy_icon_04_39', 'png');
INSERT INTO `sys_icon` VALUES ('353', null, 'diy_icon_04_40', 'png');
INSERT INTO `sys_icon` VALUES ('354', null, 'diy_icon_04_41', 'png');
INSERT INTO `sys_icon` VALUES ('355', null, 'diy_icon_04_42', 'png');
INSERT INTO `sys_icon` VALUES ('356', null, 'diy_icon_04_43', 'png');
INSERT INTO `sys_icon` VALUES ('357', null, 'diy_icon_04_44', 'png');
INSERT INTO `sys_icon` VALUES ('358', null, 'diy_icon_04_45', 'png');
INSERT INTO `sys_icon` VALUES ('359', null, 'diy_icon_04_46', 'png');
INSERT INTO `sys_icon` VALUES ('360', null, 'diy_icon_04_47', 'png');
INSERT INTO `sys_icon` VALUES ('361', null, 'diy_icon_04_48', 'png');
INSERT INTO `sys_icon` VALUES ('362', null, 'diy_icon_04_49', 'png');
INSERT INTO `sys_icon` VALUES ('363', null, 'diy_icon_04_50', 'png');

-- ----------------------------
-- Table structure for sys_log
-- ----------------------------
DROP TABLE IF EXISTS `sys_log`;
CREATE TABLE `sys_log` (
  `id` bigint(20) NOT NULL AUTO_INCREMENT,
  `content` varchar(255) DEFAULT NULL,
  `operName` varchar(255) DEFAULT NULL,
  `operTime` datetime DEFAULT NULL,
  `result` int(11) NOT NULL,
  `userId` bigint(20) DEFAULT NULL,
  PRIMARY KEY (`id`),
  KEY `FKC3427A92D8327538` (`userId`),
  CONSTRAINT `FKC3427A92D8327538` FOREIGN KEY (`userId`) REFERENCES `sys_user` (`id`) ON DELETE CASCADE
) ENGINE=InnoDB AUTO_INCREMENT=76 DEFAULT CHARSET=utf8;

-- ----------------------------
-- Records of sys_log
-- ----------------------------
INSERT INTO `sys_log` VALUES ('62', '登录系统', '系统登录', '2014-04-03 20:32:26', '1', '5');
INSERT INTO `sys_log` VALUES ('63', '登录系统', '系统登录', '2014-04-03 20:33:09', '1', '5');
INSERT INTO `sys_log` VALUES ('64', '登录系统', '系统登录', '2014-04-03 20:34:33', '1', '5');
INSERT INTO `sys_log` VALUES ('65', '登录系统', '系统登录', '2014-04-03 20:34:39', '1', '5');
INSERT INTO `sys_log` VALUES ('66', '登录系统', '系统登录', '2014-04-03 20:34:50', '1', '5');
INSERT INTO `sys_log` VALUES ('67', '登录系统', '系统登录', '2014-04-03 20:35:52', '1', '5');
INSERT INTO `sys_log` VALUES ('68', '登录系统', '系统登录', '2014-04-03 20:36:38', '1', '5');
INSERT INTO `sys_log` VALUES ('69', '登录系统', '系统登录', '2014-04-05 14:11:55', '1', '5');
INSERT INTO `sys_log` VALUES ('70', '登录系统', '系统登录', '2014-04-05 23:19:43', '1', '7');
INSERT INTO `sys_log` VALUES ('71', '登录系统', '系统登录', '2014-04-05 23:22:41', '1', '4');
INSERT INTO `sys_log` VALUES ('72', '登录系统', '系统登录', '2014-04-05 23:25:27', '1', '5');
INSERT INTO `sys_log` VALUES ('73', '登录系统', '系统登录', '2014-04-06 21:27:40', '1', '5');
INSERT INTO `sys_log` VALUES ('74', '登录系统', '系统登录', '2014-04-06 22:19:34', '1', '5');
INSERT INTO `sys_log` VALUES ('75', '登录系统', '系统登录', '2014-04-06 23:13:49', '1', '5');

-- ----------------------------
-- Table structure for sys_res
-- ----------------------------
DROP TABLE IF EXISTS `sys_res`;
CREATE TABLE `sys_res` (
  `id` bigint(20) NOT NULL AUTO_INCREMENT,
  `authorize` varchar(255) DEFAULT NULL,
  `grade` int(11) NOT NULL,
  `icon` varchar(255) DEFAULT NULL,
  `name` varchar(255) DEFAULT NULL,
  `orderNo` int(11) NOT NULL,
  `permsString` varchar(255) DEFAULT NULL,
  `remark` varchar(255) DEFAULT NULL,
  `resString` varchar(255) DEFAULT NULL,
  `PARENT_ID` bigint(20) DEFAULT NULL,
  PRIMARY KEY (`id`),
  KEY `FKC3428FEED6C7D0A5` (`PARENT_ID`),
  CONSTRAINT `FKC3428FEED6C7D0A5` FOREIGN KEY (`PARENT_ID`) REFERENCES `sys_res` (`id`)
) ENGINE=InnoDB AUTO_INCREMENT=45 DEFAULT CHARSET=utf8;

-- ----------------------------
-- Records of sys_res
-- ----------------------------
INSERT INTO `sys_res` VALUES ('1', null, '1', 'ztree_root_close', '系统管理', '1', 'sys', '系统管理', '/sys', '5');
INSERT INTO `sys_res` VALUES ('2', null, '2', 'diy_icon_01_05', '用户管理', '1', 'sys:user', '用户管理', '/sys/user/list', '1');
INSERT INTO `sys_res` VALUES ('3', null, '2', 'diy_icon_01_10', '角色管理', '2', 'sys:role', '角色管理', '/sys/role/list', '1');
INSERT INTO `sys_res` VALUES ('4', null, '2', 'ztree_report', '资源菜单', '3', 'sys:resource', '资源管理', '/sys/resource/list', '1');
INSERT INTO `sys_res` VALUES ('5', null, '0', '', 'system', '1', 'system', '最高的节点只能有一个', '/system', null);
INSERT INTO `sys_res` VALUES ('7', null, '3', 'icon-tasks', '用户列表', '1', 'sys:user:list', '用户列表', '/sys/user/list', '2');
INSERT INTO `sys_res` VALUES ('8', null, '3', 'icon-plus', '添加用户', '2', 'sys:user:add', '添加用户', '/sys/user/add', '2');
INSERT INTO `sys_res` VALUES ('9', null, '3', 'icon-minus', '删除用户', '3', 'sys:user:delete', '', '/sys/user/delete', '2');
INSERT INTO `sys_res` VALUES ('10', null, '3', 'icon-pencil', '修改用户', '4', 'sys:user:update', '', '/sys/user/update', '2');
INSERT INTO `sys_res` VALUES ('11', null, '3', 'icon-tasks', '角色列表', '1', 'sys:role:list', '', '/sys/role/list', '3');
INSERT INTO `sys_res` VALUES ('12', null, '3', 'icon-plus', '添加角色', '2', 'sys:role:add', '', '/sys/role/add', '3');
INSERT INTO `sys_res` VALUES ('13', null, '3', 'icon-minus', '删除角色', '3', 'sys:role:delete', '', '/sys/role/delete', '3');
INSERT INTO `sys_res` VALUES ('14', null, '3', 'icon-pencil', '修改角色', '4', 'sys:role:update', '', '/sys/role/update', '3');
INSERT INTO `sys_res` VALUES ('15', null, '3', 'icon-tasks', '资源列表', '1', 'sys:resource:list', '', '/sys/resource/list', '4');
INSERT INTO `sys_res` VALUES ('16', null, '3', 'icon-plus', '添加资源', '2', 'sys:resource:add', '', '/sys/resource/add', '4');
INSERT INTO `sys_res` VALUES ('17', null, '3', 'icon-minus', '删除资源', '3', 'sys:resource:delete', '', '/sys/resource/delete', '4');
INSERT INTO `sys_res` VALUES ('18', null, '3', 'icon-pencil', '修改资源', '4', 'sys:resource:update', '', '/sys/resource/update', '4');
INSERT INTO `sys_res` VALUES ('19', null, '2', 'diy_icon_01_02', '图标管理', '4', 'sys:user:list', '', '/sys/icon/list', '1');
INSERT INTO `sys_res` VALUES ('20', null, '3', 'icon-tasks', '图标列表', '1', 'sys:icon:list', '', '/sys/icon/list', '19');
INSERT INTO `sys_res` VALUES ('21', null, '3', 'icon-plus', '添加图标', '2', 'sys:icon:add', '', '/sys/icon/add', '19');
INSERT INTO `sys_res` VALUES ('22', null, '3', 'icon-minus', '删除图标', '3', 'sys:icon:delete', '', '/sys/icon/delete', '19');
INSERT INTO `sys_res` VALUES ('23', null, '3', 'icon-pencil', '修改图标', '4', 'sys:icon:update', '', '/sys/icon/update', '19');
INSERT INTO `sys_res` VALUES ('24', null, '3', 'ztree_file2', '详细信息', '5', 'sys:user:show', '', '/sys/user/show', '2');
INSERT INTO `sys_res` VALUES ('25', null, '3', 'ztree_file2', '详细信息', '5', 'sys:role:show', '', '/sys/role/show', '3');
INSERT INTO `sys_res` VALUES ('26', null, '3', 'ztree_file2', '详细信息', '5', 'sys:resource:show', '', '/sys/resource/show', '4');
INSERT INTO `sys_res` VALUES ('27', null, '3', 'icon-cog', '详细信息', '5', 'sys:icon:show', '', 'sys/icon/show', '19');
INSERT INTO `sys_res` VALUES ('28', null, '1', 'diy_icon_01_48', '终端服务', '2', 'mobile', '终端服务', '/mobile', '5');
INSERT INTO `sys_res` VALUES ('29', null, '2', 'diy_icon_01_29', '消息推送', '1', 'mobile:push', '', '/mobile/push', '28');
INSERT INTO `sys_res` VALUES ('30', null, '1', 'diy_icon_04_20', 'OA办公', '3', 'workflow', '', '/workflow', '5');
INSERT INTO `sys_res` VALUES ('31', null, '3', 'icon-key', '更改用户状态', '6', 'sys:user:changeUserStatus', '', '/sys/user/changeUserStatus', '2');
INSERT INTO `sys_res` VALUES ('32', null, '2', 'ztree_edit2', '待办', '1', 'workflow:todoTasks', '', '/workflow/todoTasks', '30');
INSERT INTO `sys_res` VALUES ('33', null, '2', 'diy_icon_01_42', '已办', '2', 'workflow:hasTodo', '', '/workflow/hasTodo', '30');
INSERT INTO `sys_res` VALUES ('34', null, '2', 'diy_icon_04_41', '发起流程', '3', 'workflow:process', '', '/workflow/process', '30');
INSERT INTO `sys_res` VALUES ('35', null, '2', 'diy_icon_02_33', '我的流程', '4', 'workflow:myprocess', '', '/workflow/myprocess', '30');
INSERT INTO `sys_res` VALUES ('36', null, '2', 'diy_icon_04_19', '系统日志', '5', 'sys:log:list', '', '/sys/log/list', '1');
INSERT INTO `sys_res` VALUES ('37', null, '3', 'icon-tasks', '日志列表', '1', 'sys:log:list', '', '/sys/log/list', '36');
INSERT INTO `sys_res` VALUES ('39', null, '2', 'diy_icon_03_08', '上传', '1', 'file:upload', '', '/file/upload', '41');
INSERT INTO `sys_res` VALUES ('40', null, '3', 'icon-cog', '删除日志', '2', 'sys:log:delete', '', '/sys/log/delete', '36');
INSERT INTO `sys_res` VALUES ('41', null, '1', 'diy_icon_04_49', 'showcase', '7', 'showcase', '', '/showcase', '5');
INSERT INTO `sys_res` VALUES ('42', null, '1', 'diy_icon_02_34', '个人财务', '8', 'finance', '', '/finance', '5');
INSERT INTO `sys_res` VALUES ('43', null, '2', 'diy_icon_02_32', '财务列表', '1', 'finance:list', '', '/finance/list', '42');
INSERT INTO `sys_res` VALUES ('44', null, '2', 'diy_icon_02_31', '财务分析', '2', 'finance:analyze', '', '/finance/analyze', '42');

-- ----------------------------
-- Table structure for sys_role
-- ----------------------------
DROP TABLE IF EXISTS `sys_role`;
CREATE TABLE `sys_role` (
  `id` bigint(20) NOT NULL AUTO_INCREMENT,
  `authorize` varchar(255) DEFAULT NULL,
  `name` varchar(255) DEFAULT NULL,
  `realName` varchar(255) DEFAULT NULL,
  `remark` varchar(255) DEFAULT NULL,
  PRIMARY KEY (`id`)
) ENGINE=InnoDB AUTO_INCREMENT=8 DEFAULT CHARSET=utf8;

-- ----------------------------
-- Records of sys_role
-- ----------------------------
INSERT INTO `sys_role` VALUES ('1', null, 'superAdmin', '超级管理员', '拥有所有权限');
INSERT INTO `sys_role` VALUES ('6', null, 'deptLeader', '部门经理', '111');
INSERT INTO `sys_role` VALUES ('7', null, 'hr', '人力经理', '');

-- ----------------------------
-- Table structure for sys_role_res
-- ----------------------------
DROP TABLE IF EXISTS `sys_role_res`;
CREATE TABLE `sys_role_res` (
  `ROLE_ID` bigint(20) NOT NULL,
  `RES_ID` bigint(20) NOT NULL,
  PRIMARY KEY (`ROLE_ID`,`RES_ID`),
  KEY `FK9A255A8923AE94EF` (`RES_ID`),
  KEY `FK9A255A895C176D41` (`ROLE_ID`),
  CONSTRAINT `FK9A255A8923AE94EF` FOREIGN KEY (`RES_ID`) REFERENCES `sys_res` (`id`) ON DELETE CASCADE,
  CONSTRAINT `FK9A255A895C176D41` FOREIGN KEY (`ROLE_ID`) REFERENCES `sys_role` (`id`) ON DELETE CASCADE
) ENGINE=InnoDB DEFAULT CHARSET=utf8;

-- ----------------------------
-- Records of sys_role_res
-- ----------------------------
INSERT INTO `sys_role_res` VALUES ('1', '1');
INSERT INTO `sys_role_res` VALUES ('1', '2');
INSERT INTO `sys_role_res` VALUES ('1', '3');
INSERT INTO `sys_role_res` VALUES ('1', '4');
INSERT INTO `sys_role_res` VALUES ('1', '5');
INSERT INTO `sys_role_res` VALUES ('6', '5');
INSERT INTO `sys_role_res` VALUES ('7', '5');
INSERT INTO `sys_role_res` VALUES ('1', '7');
INSERT INTO `sys_role_res` VALUES ('1', '8');
INSERT INTO `sys_role_res` VALUES ('1', '9');
INSERT INTO `sys_role_res` VALUES ('1', '10');
INSERT INTO `sys_role_res` VALUES ('1', '11');
INSERT INTO `sys_role_res` VALUES ('1', '12');
INSERT INTO `sys_role_res` VALUES ('1', '13');
INSERT INTO `sys_role_res` VALUES ('1', '14');
INSERT INTO `sys_role_res` VALUES ('1', '15');
INSERT INTO `sys_role_res` VALUES ('1', '16');
INSERT INTO `sys_role_res` VALUES ('1', '17');
INSERT INTO `sys_role_res` VALUES ('1', '18');
INSERT INTO `sys_role_res` VALUES ('1', '19');
INSERT INTO `sys_role_res` VALUES ('1', '20');
INSERT INTO `sys_role_res` VALUES ('1', '21');
INSERT INTO `sys_role_res` VALUES ('1', '22');
INSERT INTO `sys_role_res` VALUES ('1', '23');
INSERT INTO `sys_role_res` VALUES ('1', '24');
INSERT INTO `sys_role_res` VALUES ('1', '25');
INSERT INTO `sys_role_res` VALUES ('1', '26');
INSERT INTO `sys_role_res` VALUES ('1', '27');
INSERT INTO `sys_role_res` VALUES ('1', '28');
INSERT INTO `sys_role_res` VALUES ('6', '28');
INSERT INTO `sys_role_res` VALUES ('1', '29');
INSERT INTO `sys_role_res` VALUES ('6', '29');
INSERT INTO `sys_role_res` VALUES ('1', '30');
INSERT INTO `sys_role_res` VALUES ('6', '30');
INSERT INTO `sys_role_res` VALUES ('7', '30');
INSERT INTO `sys_role_res` VALUES ('1', '31');
INSERT INTO `sys_role_res` VALUES ('1', '32');
INSERT INTO `sys_role_res` VALUES ('6', '32');
INSERT INTO `sys_role_res` VALUES ('7', '32');
INSERT INTO `sys_role_res` VALUES ('1', '33');
INSERT INTO `sys_role_res` VALUES ('6', '33');
INSERT INTO `sys_role_res` VALUES ('7', '33');
INSERT INTO `sys_role_res` VALUES ('1', '34');
INSERT INTO `sys_role_res` VALUES ('6', '34');
INSERT INTO `sys_role_res` VALUES ('7', '34');
INSERT INTO `sys_role_res` VALUES ('1', '35');
INSERT INTO `sys_role_res` VALUES ('6', '35');
INSERT INTO `sys_role_res` VALUES ('7', '35');
INSERT INTO `sys_role_res` VALUES ('1', '36');
INSERT INTO `sys_role_res` VALUES ('1', '37');
INSERT INTO `sys_role_res` VALUES ('1', '39');
INSERT INTO `sys_role_res` VALUES ('1', '40');
INSERT INTO `sys_role_res` VALUES ('1', '41');
INSERT INTO `sys_role_res` VALUES ('1', '42');
INSERT INTO `sys_role_res` VALUES ('1', '43');
INSERT INTO `sys_role_res` VALUES ('1', '44');

-- ----------------------------
-- Table structure for sys_user
-- ----------------------------
DROP TABLE IF EXISTS `sys_user`;
CREATE TABLE `sys_user` (
  `id` bigint(20) NOT NULL AUTO_INCREMENT,
  `address` varchar(255) DEFAULT NULL,
  `createDate` datetime NOT NULL,
  `email` varchar(255) DEFAULT NULL,
  `loginId` varchar(255) NOT NULL,
  `mobilePhone` varchar(255) DEFAULT NULL,
  `name` varchar(255) DEFAULT NULL,
  `passwd` varchar(255) DEFAULT NULL,
  `remark` varchar(255) DEFAULT NULL,
  `status` varchar(255) NOT NULL,
  PRIMARY KEY (`id`),
  UNIQUE KEY `loginId` (`loginId`)
) ENGINE=InnoDB AUTO_INCREMENT=8 DEFAULT CHARSET=utf8;

-- ----------------------------
-- Records of sys_user
-- ----------------------------
INSERT INTO `sys_user` VALUES ('4', '成都', '2013-03-07 00:00:00', 'sa@ww.cc', 'user2', '15222233426', '人力经理', '8d2209bf7ec9ac2eec597eb378a7cbf5', '', '1');
INSERT INTO `sys_user` VALUES ('5', '成都', '2014-03-14 00:00:00', '502876941@qq.com', 'admin', '15108276486', '超级管理员', 'bd2e01edc57144999856d77571151dda', '帅气的开发者', '1');
INSERT INTO `sys_user` VALUES ('7', '成都', '2014-03-23 00:00:00', 'sa22@ww.cc', 'depman', '15369654627', '部门经理', '1fa11d49afc1479d1392df32c9cd7dd4', '你好', '1');

-- ----------------------------
-- Table structure for sys_user_role
-- ----------------------------
DROP TABLE IF EXISTS `sys_user_role`;
CREATE TABLE `sys_user_role` (
  `USER_ID` bigint(20) NOT NULL,
  `ROLE_ID` bigint(20) NOT NULL,
  PRIMARY KEY (`USER_ID`,`ROLE_ID`),
  KEY `FKAABB7D585C176D41` (`ROLE_ID`),
  KEY `FKAABB7D581423121` (`USER_ID`),
  CONSTRAINT `FKAABB7D581423121` FOREIGN KEY (`USER_ID`) REFERENCES `sys_user` (`id`) ON DELETE CASCADE,
  CONSTRAINT `FKAABB7D585C176D41` FOREIGN KEY (`ROLE_ID`) REFERENCES `sys_role` (`id`) ON DELETE CASCADE
) ENGINE=InnoDB DEFAULT CHARSET=utf8;

-- ----------------------------
-- Records of sys_user_role
-- ----------------------------
INSERT INTO `sys_user_role` VALUES ('5', '1');
INSERT INTO `sys_user_role` VALUES ('5', '6');
INSERT INTO `sys_user_role` VALUES ('7', '6');
INSERT INTO `sys_user_role` VALUES ('4', '7');
INSERT INTO `sys_user_role` VALUES ('5', '7');

-- ----------------------------
-- View structure for act_id_group
-- ----------------------------
DROP VIEW IF EXISTS `act_id_group`;
CREATE ALGORITHM=UNDEFINED DEFINER=`root`@`localhost` SQL SECURITY DEFINER  VIEW `act_id_group` AS select `ar`.`name` AS `ID_`,NULL AS `REV_`,`ar`.`name` AS `NAME_`,'assignment' AS `TYPE_` from `sys_role` `ar` ; ;

-- ----------------------------
-- View structure for act_id_membership
-- ----------------------------
DROP VIEW IF EXISTS `act_id_membership`;
CREATE ALGORITHM=UNDEFINED DEFINER=`root`@`localhost` SQL SECURITY DEFINER  VIEW `act_id_membership` AS select (select `u`.`loginId` from `sys_user` `u` where (`u`.`id` = `ur`.`USER_ID`)) AS `USER_ID_`,(select `r`.`name` from `sys_role` `r` where (`r`.`id` = `ur`.`ROLE_ID`)) AS `GROUP_ID_` from `sys_user_role` `ur` ; ;

-- ----------------------------
-- View structure for act_id_user
-- ----------------------------
DROP VIEW IF EXISTS `act_id_user`;
CREATE ALGORITHM=UNDEFINED DEFINER=`root`@`localhost` SQL SECURITY DEFINER  VIEW `act_id_user` AS select `au`.`loginId` AS `ID_`,0 AS `REV_`,`au`.`name` AS `FIRST_`,'' AS `LAST_`,`au`.`email` AS `EMAIL_`,`au`.`passwd` AS `PWD_`,'' AS `PICTURE_ID_` from `sys_user` `au` ; ;
